-- phpMyAdmin SQL Dump
-- version 5.0.2
-- https://www.phpmyadmin.net/
--
-- Host: 127.0.0.1:3306
-- Generation Time: May 29, 2022 at 02:32 PM
-- Server version: 5.7.31
-- PHP Version: 7.3.21

SET SQL_MODE = "NO_AUTO_VALUE_ON_ZERO";
START TRANSACTION;
SET time_zone = "+00:00";


/*!40101 SET @OLD_CHARACTER_SET_CLIENT=@@CHARACTER_SET_CLIENT */;
/*!40101 SET @OLD_CHARACTER_SET_RESULTS=@@CHARACTER_SET_RESULTS */;
/*!40101 SET @OLD_COLLATION_CONNECTION=@@COLLATION_CONNECTION */;
/*!40101 SET NAMES utf8mb4 */;

--
-- Database: `minisize_db`
--

-- --------------------------------------------------------

--
-- Table structure for table `addresses`
--

DROP TABLE IF EXISTS `addresses`;
CREATE TABLE IF NOT EXISTS `addresses` (
  `id` int(11) NOT NULL AUTO_INCREMENT,
  `user_id` int(11) NOT NULL,
  `building` varchar(100) NOT NULL,
  `street` varchar(100) NOT NULL,
  `city` varchar(100) NOT NULL,
  `country` varchar(100) NOT NULL,
  PRIMARY KEY (`id`),
  KEY `user_address_fk` (`user_id`)
) ENGINE=InnoDB DEFAULT CHARSET=latin1;

-- --------------------------------------------------------

--
-- Table structure for table `blogs`
--

DROP TABLE IF EXISTS `blogs`;
CREATE TABLE IF NOT EXISTS `blogs` (
  `id` int(11) NOT NULL AUTO_INCREMENT,
  `topic` varchar(100) NOT NULL,
  `cover_image` varchar(255) NOT NULL,
  `brand` varchar(50) NOT NULL,
  `title` varchar(100) NOT NULL,
  `description` text NOT NULL,
  `body` text NOT NULL,
  `date_posted` varchar(50) NOT NULL,
  `time_posted` varchar(50) NOT NULL,
  `headings` text NOT NULL,
  PRIMARY KEY (`id`)
) ENGINE=MyISAM AUTO_INCREMENT=7 DEFAULT CHARSET=latin1;

--
-- Dumping data for table `blogs`
--

INSERT INTO `blogs` (`id`, `topic`, `cover_image`, `brand`, `title`, `description`, `body`, `date_posted`, `time_posted`, `headings`) VALUES
(1, 'Skincare Routine', 'assets/images/others/blog-cerave-1.jpg', 'CeraVe', 'Skincare Routine for Oily Skin: Balance & Support', 'If you have an oily skin type, implementing a tailored daily skincare routine is one of the best ways to help balance your complexion. The right skincare ingredients and products can help minimise shine...', '<div class=\"blog-article-desc\">\r\n                    <p id=\"intro\">\r\n                        <img height=\"300\" alt=\"CeraVe Skincare Routine for Oily Skin\" width=\"300\" src=\"assets/images/others/blog-cerave-2.jpg\" style=\"float: right; margin: 15px\" />\r\n                        If you have an oily skin type,\r\n                        implementing a tailored daily skincare routine is one of the best ways\r\n                        to help balance your complexion. The right skincare ingredients and\r\n                        products can help minimise shine and other unwanted signs of an oily\r\n                        complexion. Oily skin still needs hydration, but it\'s important to\r\n                        choose non-comedogenic products that won\'t contribute to clogging your\r\n                        pores. <br />\r\n                        <br />\r\n                        Read on to find out what causes an oily face, as well as how to know\r\n                        if you have this skin type. Wondering can oily skin use Hyaluronic\r\n                        Acid? We\'ll also cover the best ingredients for oily skin, before\r\n                        detailing a step-by-step skincare routine.\r\n                    </p><br>\r\n                    <h2 id=\"def\" class=\"text-darkgreen\">What is oily skin?</h2><hr>\r\n                    <p>\r\n                        Oily skin vs dry skin has different skincare needs. Taking the time to\r\n                        understand your skin type is the first step to implementing the skin\r\n                        routine that will suit you best.\r\n                    </p>\r\n                    <p>\r\n                        In terms of how to tell if you have oily or dry skin, looking for the\r\n                        tell-tale signs of shine or dullness is one simple strategy. Other\r\n                        signs of oily skin also include enlarged pores and blackheads. If\r\n                        you\'re not sure whether your levels of oil are normal or excessive,\r\n                        try patting your face with blotting papers. Normal skin should only\r\n                        leave a small amount of oil on the skin from certain areas, while oily\r\n                        skin will leave more oil from all over.\r\n                    </p><br>\r\n                    <h2 id=\"cause\" class=\"text-darkgreen\">What is an oily skin type caused by?</h2><hr>\r\n                    <p>\r\n                        <span\r\n                            >Oily skin can be caused by environmental, lifestyle or internal\r\n                        factors. Environmental and lifestyle factors include stress, warm\r\n                        weather and over-cleansing your skin, prompting your sebaceous\r\n                        glands to produce more oil. Internal causes of oily skin include\r\n                        hormonal imbalances and genetics. No matter the cause of your oily\r\n                        skin, a well targeted skincare routine can help manage this skin\r\n                        concern.</span\r\n                            >\r\n                    </p><br>\r\n                    <h2 id=\"ing\" class=\"text-darkgreen\"><span>What ingredients are good for oily skin?</span></h2><hr>\r\n                    <p>\r\n                        <span\r\n                            >If you have this skin type, you\'ve likely wondered does oily skin\r\n                        need moisture or hydration? Oily skin is often thought of as the\r\n                        opposite of dry skin/span\r\n                        ><span\r\n                            >, however there are some things that all skin types need. Very oily\r\n                        skin types can occasionally skip moisturiser if needed, but\r\n                        hydrating ingredients are an important part of your skincare regime\r\n                        for every skin type.</span\r\n                            >\r\n                    </p>\r\n                    <h4 class=\"text-darkgreen\">Why does oily skin need hydration?</h4><hr>\r\n                    <p>\r\n                        <span\r\n                            >Put simply, there\'s a difference between surface dryness and skin\r\n                        dehydration. Oily skin is still vulnerable to the latter, where\r\n                        there aren\'t enough water molecules bound to the skin\'s surface and\r\n                        its outermost layers. If heavy moisturisers don\'t work well with\r\n                        your oily skin, opt for a lightweight moisturiser or hydrating serum\r\n                        featuring targeted ingredients as recommended below.</span\r\n                            >\r\n                    </p>\r\n                    <p>\r\n                        <span\r\n                            ><img\r\n                            alt=\"\"\r\n                            height=\"250\"\r\n                            width=\"250\"\r\n                            src=\"assets/images/others/blog-cerave-3.jpg\"\r\n                            style=\"float: left; margin: 0 15px 15px 0\"\r\n                            /><strong>Ceramides:</strong><br />\r\n                        <br />\r\n                        You can think of ceramides as the\r\n                        building blocks of the skin\'s natural protective barrier. These\r\n                        lipids (oils) help protect skin against dehydration and\r\n                        environmental aggressors. CeraVe skincare is enriched with 3\r\n                        essential ceramides to help strengthen the natural protective skin\r\n                        barrier.<br />\r\n                        <br />\r\n                        <strong>Hyaluronic acid:</strong><br />\r\n                        <br />\r\n                        Hyaluronic acid is a water attracting sugar found naturally in the\r\n                        skin and responsible for its volume and plumpness. Why is hyaluronic acid good for oily skin? This powerful ingredient acts like a sponge to\r\n                        draw in 1,000 times its own weight in water, perfect for hydrating\r\n                        all skin types.<br />\r\n                        <br />\r\n                        <strong>Salicylic acid:</strong><br />\r\n                        <br />\r\n                        This beta hydroxy acid has long been used to help unclog pores and\r\n                        manage oily skin and skin prone to mild acne. Salicylic acid can be found in cleansers, serums, moisturisers and more.</span\r\n                            >\r\n                    </p><br><br>\r\n                    <h2 id=\"rec\" class=\"text-darkgreen\">\r\n                        <span>How to control oily skin with a CeraVe skincare regime?</span>\r\n                    </h2 class=\"text-darkgreen\"><hr><br>\r\n                    <h4 class=\"text-darkgreen\">Cleanser</h4><br>\r\n                    <p>\r\n                        Look for a gentle facial cleanser.\r\n                        A foaming cleanser formula is ideal for removing excess oil, dirt, and\r\n                        makeup from an oily complexion. Our CeraVe Foaming Cleanser is designed to act as an ideal cleanser for oily skin. This cleanser\r\n                        features ceramides, hyaluronic acid and niacinamide to help strengthen\r\n                        the skin barrier, attract hydration, and comfort the skin.<br />\r\n                        <br />\r\n                        Gently massage on a damp face before rinsing and gently patting dry.\r\n                    </p>\r\n                    <h4 class=\"text-darkgreen\">Moisturiser</h4><br>\r\n                    <p>\r\n                        <img\r\n                            height=\"300\"\r\n                            alt=\"CeraVe Day Moisturiser with SPF\"\r\n                            width=\"300\"\r\n                            src=\"assets/images/others/blog-cerave-4.jpg\"\r\n                            style=\"float: right; margin: 0 0 0 15px\"\r\n                            />Choosing a non-comedogenic face moisturiser formula with a lightweight texture is an important part of how to\r\n                        reduce oil production on your face. In the morning, we recommend a\r\n                        formula including sun protection like our CeraVe AM Facial Moisturising Lotion with SPF 15. This non-comedogenic moisturiser is suitable for all skin types,\r\n                        including oily skin.<br />\r\n                        <br />\r\n                        In the PM, our CeraVe Facial Moisturising Lotion utilises hyaluronic acid and ceramides to help combat\r\n                        trans-epidermal water loss (TEWL) overnight.<br />\r\n                        <br />\r\n                        Apply your moisturiser of choice over your face and neck as needed.\r\n                    </p>\r\n                    <h4 class=\"text-darkgreen\">Eye Cream</h4><br>\r\n                    <p>\r\n                        The skin around your eyes tends to be thinner, and more vulnerable\r\n                        than the rest of your complexion. That\'s why it\'s important for all\r\n                        skin types to target the eye area with a dedicated hydrating eye\r\n                        cream.<br />\r\n                        <br />\r\n                        Our CeraVe Eye Repair Cream \r\n                        is formulated with a Marine and Botanical Complex to help brighten the\r\n                        eye area, visibly reducing dark circles and puffiness.<br />\r\n                        <br />\r\n                        Apply in small dots around the eye area and gently smooth until\r\n                        absorbed.\r\n                    </p>\r\n                </div>', '20 April 2022', '10:15 am', '<div class=\"headings\">\r\n            <a href=\"#intro\" id=\"heading\" style=\"display: block !important; margin-top: .5rem; padding-left: 2rem;\">Introduction</a>\r\n            <a href=\"#def\" id=\"heading\" style=\"display: block !important; margin-top: .5rem; padding-left: 2rem;\">Definition</a>\r\n            <a href=\"#cause\" id=\"heading\" style=\"display: block !important; margin-top: .5rem; padding-left: 2rem;\">Causes</a>\r\n            <a href=\"#ing\" id=\"heading\" style=\"display: block !important; margin-top: .5rem; padding-left: 2rem;\">Ingredients</a>\r\n            <a href=\"#rec\" id=\"heading\" style=\"display: block !important; margin-top: .5rem; padding-left: 2rem;\">Recommended <br> Products</a>\r\n        </div>'),
(2, 'Best Products', 'assets/images/others/blog-avene-1.jpg', 'Avene', 'The Best Avene Products For Sensitive Skin', 'French brand Avene is a constant presence in the beauty stashes of beauty aficionados. Classic, minimal, and oh-so-French, these products may not look like they’re going to revolutionize your beauty routine...', '<div class=\"post-content entry-content\" itemprop=\"articleBody\">\r\n                    <p id=\"intro\">\r\n                        French brand <strong>Avene</strong> is a constant presence in the\r\n                        beauty stashes of beauty aficionados. Classic, minimal, and\r\n                        oh-so-French, these products may not look like they\'re going to\r\n                        revolutionize your beauty routine... but that is precisely their\r\n                        point. Rather than rely on intense (and intensive) skincare\r\n                        routines, <strong>Avene</strong> is all about bringing the skin back\r\n                        to basics. This is especially true for\r\n                        <a\r\n                        href=\"https://blog.caretobeauty.com/avene-products-sensitive-intolerant-skin/\"\r\n                        >sensitive and sensitized skin</a\r\n                        >, which is particularly pampered by this brand\'s approach to\r\n                        skincare. If this is you, keep reading to discover the best\r\n                        <strong>Avene</strong> products for you!\r\n                    </p><br>\r\n                    <h2 class=\"fw-bold\">Our Top 8 Avene Products</h2><br><br>\r\n                    <h3 id=\"moist\" class=\"text-darkgreen\">Avene Tolerance Control Soothing Skin Recovery Cream</h3>\r\n                    <h4 class=\"mt-3\">The SOS moisturizer</h4>\r\n                    <div class=\"product-right\" style=\"float:right; width:200px; text-align: center; margin-left: 25px\">\r\n                        <a\r\n                        href=\"https://www.caretobeauty.com/avene-tolerance-control-soothing-skin-recovery-cream-40ml/\"\r\n                        >\r\n                        <img\r\n                            height=\"200px\"\r\n                            class=\"size-thumbnail lazyloaded\"\r\n                            src=\"https://static.beautytocare.com/media/catalog/product/a/v/avene-tolerance-control-soothing-skin-recovery-cream-40ml.jpg\"\r\n                            data-src=\"https://static.beautytocare.com/media/catalog/product/a/v/avene-tolerance-control-soothing-skin-recovery-cream-40ml.jpg\"\r\n                            alt=\"Best Avene Products: Avene Tolerance Control Soothing Skin Recovery Cream 40ml\"\r\n                            />\r\n                        <p class=\"mt-3\">Avene Tolerance Control Soothing Skin Recovery Cream 40ml</p>\r\n                        <p>\r\n                            <button class=\"btn btn-primary text-light px-4\">\r\n                            Buy Now\r\n                            </button>\r\n                        </p>\r\n                        </a>\r\n                        <p>\r\n                        <a\r\n                            href=\"https://www.caretobeauty.com/avene-tolerance-control-soothing-skin-recovery-cream-40ml/\"\r\n                            ></a>\r\n                        </p>\r\n                    </div>\r\n                    <p>\r\n                        If your skin is extra intolerant or sensitized after a cosmetic or\r\n                        medical procedure, then the\r\n                        <strong>Tolerance Control Soothing Skin Recovery Cream</strong> is\r\n                        one of the best <strong>Avene</strong> products to reach for. The\r\n                        star ingredient here is D-Sensinose an ultra-calming postbiotic\r\n                        active that provides a soothing effect in just 30 seconds! It is\r\n                        also, of course, highly effective over time, being able to control\r\n                        the reactivity of the skin in 1 month.\r\n                    </p>\r\n                    <p>\r\n                        Of course, this cream is also rich in <strong>Avene</strong> thermal\r\n                        spring water, which complements the soothing action of D-Sensinose\r\n                        and helps keep the skin hydrated and shielded from environmental\r\n                        sources of irritation.\r\n                    </p><br><br>\r\n                    <hr />\r\n                    <h3 id=\"cleanse\" class=\"text-darkgreen\">Avene Cleanance Cleansing Gel</h3>\r\n                    <h4 class=\"mt-3\">The perfect cleanser for oily skin</h4>\r\n                    <div class=\"product-right\" style=\"float:right; width:200px; text-align: center; margin-left: 25px\">\r\n                        <a\r\n                        href=\"https://www.caretobeauty.com/avene-cleanance-cleansing-gel-400ml/\"\r\n                        >\r\n                        <img\r\n                            height=\"200px\"\r\n                            class=\"size-thumbnail lazyloaded\"\r\n                            src=\"https://static.beautytocare.com/media/catalog/product/a/v/avene-cleanance-cleansing-gel-400ml_2.jpg\"\r\n                            data-src=\"https://static.beautytocare.com/media/catalog/product/a/v/avene-cleanance-cleansing-gel-400ml_2.jpg\"\r\n                            alt=\"Best Avene Products: Avene Cleanance Cleansing Gel 400ml\"\r\n                            />\r\n                        <p class=\"mt-3\">Avene Cleanance Cleansing Gel</p>\r\n                        <p>\r\n                            <button class=\"btn btn-primary text-light px-4\">\r\n                            Buy Now\r\n                            </button>\r\n                        </p>\r\n                        </a>\r\n                        <p>\r\n                        <a\r\n                            href=\"https://www.caretobeauty.com/avene-cleanance-cleansing-gel-400ml/\"\r\n                            ></a>\r\n                        </p>\r\n                    </div>\r\n                    <p>\r\n                        This soap-free cleansing gel is designed for the daily care of oily\r\n                        as well as acne-prone skin. Rich in <strong>Avene</strong> thermal\r\n                        spring water, a super-soothing ingredient, this gel cleanses oily\r\n                        skin types without triggering breakouts and excessive oil\r\n                        production. The skin feels clean, fresh, and purified, but never\r\n                        tight or uncomfortable!\r\n                    </p><br><br><br><br><br><br><br><br>\r\n                    <hr />\r\n                    <h3 id=\"moist2\" class=\"text-darkgreen\">Avene XeraCalm A.D Lipid-Replenishing Balm</h3>\r\n                    <h4 class=\"mt-3\">Eczema-prone skin Best selling moisturizer</h4>\r\n                    <div class=\"product-right\" style=\"float:right; width:200px; text-align: center; margin-left: 25px\">\r\n                        <a\r\n                        href=\"https://www.caretobeauty.com/avene-xeracalm-a-d-lipid-replenishing-balm-400ml/\"\r\n                        >\r\n                        <img\r\n                            height=\"200px\"\r\n                            class=\"size-thumbnail lazyloaded\"\r\n                            src=\"https://static.beautytocare.com/media/catalog/product/a/v/avene-xeracalm-a-d-relipidant-balm-d-e-f-i-400ml.jpg\"\r\n                            data-src=\"https://static.beautytocare.com/media/catalog/product/a/v/avene-xeracalm-a-d-relipidant-balm-d-e-f-i-400ml.jpg\"\r\n                            alt=\"Avene XeraCalm A.D Lipid-Replenishing Balm 400ml\"\r\n                            />\r\n                        <p class=\"mt-3\">Avene XeraCalm A.D Lipid-Replenishing Balm</p>\r\n                        <p>\r\n                            <button class=\"btn btn-primary text-light px-4\">\r\n                            Buy Now\r\n                            </button>\r\n                        </p>\r\n                        </a>\r\n                        <p>\r\n                        <a\r\n                            href=\"https://www.caretobeauty.com/avene-xeracalm-a-d-lipid-replenishing-balm-400ml/\"\r\n                            ></a>\r\n                        </p>\r\n                    </div>\r\n                    <p>\r\n                        If your skin is prone to atopic dermatitis and eczema,\r\n                        <strong>Avene XeraCalm A.D.</strong> is the perfect range for you.\r\n                        This rich moisturizing balm offers instant relief from itching,\r\n                        redness, and irritation, all the while ensuring long-lasting comfort\r\n                        and eliminating signs of discomfort in just 5 days.\r\n                    </p>\r\n                    <p>\r\n                        This lipid-replenishing cream is suitable for infants, children, and\r\n                        adults, and it is also formulated without fragrance.\r\n                    </p><br><br><br><br><br>\r\n                    <hr />\r\n                    <h3 id=\"cream\" class=\"text-darkgreen\">Avene Cicalfate+ Repairing Protective Cream</h3>\r\n                    <h4 class=\"mt-3\">The repairing multitasker</h4>\r\n                    <div class=\"product-right\" style=\"float:right; width:200px; text-align: center; margin-left: 25px\">\r\n                        <a\r\n                        href=\"https://www.caretobeauty.com/avene-cicalfate-repairing-protective-cream-100ml/\"\r\n                        >\r\n                        <img\r\n                            height=\"200px\"\r\n                            class=\"size-thumbnail lazyloaded\"\r\n                            src=\"https://static.beautytocare.com/media/catalog/product/a/v/avene-cicalfate-repairing-protective-cream-100ml_2.jpg\"\r\n                            data-src=\"https://static.beautytocare.com/media/catalog/product/a/v/avene-cicalfate-repairing-protective-cream-100ml_2.jpg\"\r\n                            alt=\"Best Avene Products: Avene Cicalfate+ Repairing Protective Cream 100ml\"\r\n                            />\r\n                        <p class=\"mt-3\">Avene Cicalfate+ Repairing Protective Cream</p>\r\n                        <p>\r\n                            <button class=\"btn btn-primary text-light px-4\">\r\n                            Buy Now\r\n                            </button>\r\n                        </p>\r\n                        </a>\r\n                        <p>\r\n                        <a\r\n                            href=\"https://www.caretobeauty.com/avene-cicalfate-repairing-protective-cream-100ml/\"\r\n                            ></a>\r\n                        </p>\r\n                    </div>\r\n                    <p>\r\n                        <strong>Avene Cicalfate+ Repairing Protective Cream</strong> is one\r\n                        of the best <strong>Avene</strong> products, and one of the most\r\n                        beloved-for good reason!\r\n                        <a\r\n                        href=\"https://blog.caretobeauty.com/avene-cicalfate-cream-new-formula-uses/\"\r\n                        >This cream promotes skin regeneration</a\r\n                        >\r\n                        whenever the integrity of the skin is compromised: think superficial\r\n                        burns and scratches, post-peeling irritation, or even diaper rash on\r\n                        your baby\'s bottom.\r\n                    </p>\r\n                    <p>\r\n                        With a pleasant texture and a unique formula that combines\r\n                        <strong>Avene</strong> thermal spring water with soothing and\r\n                        antibacterial actives, this cream will help reduce discomfort and\r\n                        irritation, all the while protecting the skin and accelerating the\r\n                        healing process.\r\n                    </p><br><br><br>\r\n                    <hr />\r\n                    <h3 id=\"moist3\" class=\"text-darkgreen\">Avene Tolerance Extreme Emulsion Light Texture</h3>\r\n                    <h4 class=\"mt-3\">Your ultra-minimal daily moisturizer</h4>\r\n                    <div class=\"product-right\" style=\"float:right; width:200px; text-align: center; margin-left: 25px\">\r\n                        <a\r\n                        href=\"https://www.caretobeauty.com/avene-tolerance-extreme-emulsion-light-texture-50ml/\"\r\n                        >\r\n                        <img\r\n                            height=\"200px\"\r\n                            class=\"size-thumbnail lazyloaded\"\r\n                            src=\"https://static.beautytocare.com/media/catalog/product/a/v/avene-tolerance-extreme-light-texture-emulsion-sensitive-skin-50ml.jpg\"\r\n                            data-src=\"https://static.beautytocare.com/media/catalog/product/a/v/avene-tolerance-extreme-light-texture-emulsion-sensitive-skin-50ml.jpg\"\r\n                            alt=\"Best Avene Products: Avene Tolerance Extreme Emulsion Light Texture 50ml\"\r\n                            />\r\n                        <p class=\"mt-3\">Avene Tolerance Extreme Emulsion Light Texture</p>\r\n                        <p>\r\n                            <button class=\"btn btn-primary text-light px-4\">\r\n                            Buy Now\r\n                            </button>\r\n                        </p>\r\n                        </a>\r\n                        <p>\r\n                        <a\r\n                            href=\"https://www.caretobeauty.com/avene-tolerance-extreme-emulsion-light-texture-50ml/\"\r\n                            ></a>\r\n                        </p>\r\n                    </div>\r\n                    <p>\r\n                        <strong>Avene Tolerance Extreme Emulsion Light Texture</strong> is a\r\n                        light daily moisturizer that allows the skin to naturally keep\r\n                        itself hydrated. With a minimal and sterile formula, this emulsion\r\n                        contains only the key ingredients necessary to moisturize and soothe\r\n                        the skin. It doesn\'t even contain any preservatives!\r\n                    </p>\r\n                    <p>\r\n                        In essence, this simple formula, containing only the essentials, is\r\n                        the ideal skincare option for sensitive and intolerant skin that\r\n                        doesn\'t seem to get along with most products.\r\n                    </p><br><br><br><br>\r\n                    <hr />\r\n                    <h3 id=\"sun\" class=\"text-darkgreen\">Avene Sun High Protection Tinted Compact Sand SPF50</h3>\r\n                    <h4 class=\"mt-3\">The best sunscreen for sensitive skin</h4>\r\n                    <div class=\"product-right\" style=\"float:right; width:200px; text-align: center; margin-left: 25px\">\r\n                        <a\r\n                        href=\"https://www.caretobeauty.com/avene-sun-high-protection-tinted-compact-sand-spf50-10g\"\r\n                        >\r\n                        <img\r\n                            height=\"200px\"\r\n                            class=\"size-thumbnail lazyloaded\"\r\n                            src=\"https://static.beautytocare.com/media/catalog/product/c/o/couvrance-creme-de-teint-compact-confort-peau-claire.png\"\r\n                            data-src=\"https://static.beautytocare.com/media/catalog/product/c/o/couvrance-creme-de-teint-compact-confort-peau-claire.png\"\r\n                            alt=\"Avene Sun High Protection Tinted Compact Sand SPF50 10g\"\r\n                            />\r\n                        <p class=\"mt-3\">Avene Sun High Protection Tinted Compact Sand SPF50</p>\r\n                        <p>\r\n                            <button class=\"btn btn-primary text-light px-4\">\r\n                            Buy Now\r\n                            </button>\r\n                        </p>\r\n                        </a>\r\n                        <p>\r\n                        <a\r\n                            href=\"https://www.caretobeauty.com/avene-sun-high-protection-tinted-compact-sand-spf50-10g\"\r\n                            ></a>\r\n                        </p>\r\n                    </div>\r\n                    <p>\r\n                        <strong>Avene Solar Compact Teinte SPF50</strong> is a 100% mineral\r\n                        facial sunscreen for skin that is highly sensitive or intolerant to\r\n                        most sun filters. The innovative cream-to-powder formula feels light\r\n                        on the skin and creates a luminous, healthy-looking complexion. At\r\n                        the same time, titanium and zinc oxides ensure that the skin is\r\n                        protected all day long, without triggering sensitivity or\r\n                        intolerance on even the most sensitive skin types.\r\n                    </p><br><br><br><br><br><br><br>\r\n                    <hr />\r\n                    <h3 id=\"cream2\" class=\"text-darkgreen\">Avene Antirougeurs Fort Relief Concentrate</h3>\r\n                    <h4 class=\"mt-3\">Your anti-redness ally</h4>\r\n                    <div class=\"product-right\" style=\"float:right; width:200px; text-align: center; margin-left: 25px\">\r\n                        <a\r\n                        href=\"https://www.caretobeauty.com/avene-antirougeurs-fort-relief-concentrate-for-chronic-redness-30ml/\"\r\n                        >\r\n                        <img\r\n                            height=\"200px\"\r\n                            class=\"size-thumbnail lazyloaded\"\r\n                            src=\"https://static.beautytocare.com/media/catalog/product/a/v/avene-antirougeurs-fort-relief-concentrate-for-chronic-redness-30ml_2.jpg\"\r\n                            data-src=\"https://static.beautytocare.com/media/catalog/product/a/v/avene-antirougeurs-fort-relief-concentrate-for-chronic-redness-30ml_2.jpg\"\r\n                            alt=\"Avene Antirougeurs Fort Relief Concentrate for Chronic Redness 30ml\"\r\n                            />\r\n                        <p class=\"mt-3\">Avene Antirougeurs Fort Relief Concentrate</p>\r\n                        <p>\r\n                            <button class=\"btn btn-primary text-light px-4\">\r\n                            Buy Now\r\n                            </button>\r\n                        </p>\r\n                        </a>\r\n                        <p>\r\n                        <a\r\n                            href=\"https://www.caretobeauty.com/avene-antirougeurs-fort-relief-concentrate-for-chronic-redness-30ml/\"\r\n                            ></a>\r\n                        </p>\r\n                    </div>\r\n                    <p>\r\n                        For those whose skin suffers from chronic redness and\r\n                        hypersensitivity, <strong>Avene</strong> offers\r\n                        <strong>Avene Antirougeurs Fort Relief Concentrate</strong>. This\r\n                        concentrate is able to soothe the skin, reduce localized redness,\r\n                        and minimize small visible veins. The formula is enriched with\r\n                        <em>Ruscus</em> extract, which improves microcirculation, and\r\n                        <strong>Avene</strong> thermal spring water, which soothes the skin.\r\n                    </p><br><br><br><br><br><br><br>\r\n                    <hr />\r\n                    <h3 id=\"serum\" class=\"text-darkgreen\">Avene Hydrance Intense Hydrating Serum</h3>\r\n                    <h4 class=\"mt-3\">A glass of water for your skin</h4>\r\n                    <div class=\"product-right\" style=\"float:right; width:200px; text-align: center; margin-left: 25px\">\r\n                        <a\r\n                        href=\"https://www.caretobeauty.com/avene-hydrance-intense-hydrating-serum-30ml/\"\r\n                        >\r\n                        <img\r\n                            height=\"200px\"\r\n                            class=\"size-thumbnail lazyloaded\"\r\n                            src=\"https://static.beautytocare.com/media/catalog/product/a/v/avene-hydrance-intense-hydrating-serum-30ml_2.jpg\"\r\n                            data-src=\"https://static.beautytocare.com/media/catalog/product/a/v/avene-hydrance-intense-hydrating-serum-30ml_2.jpg\"\r\n                            alt=\"Avene Hydrance Intense Hydrating Serum 30ml\"\r\n                            />\r\n                        <p class=\"mt-3\">Avene Hydrance Intense Hydrating Serum</p>\r\n                        <p>\r\n                            <button class=\"btn btn-primary text-light px-4\">\r\n                            Buy Now\r\n                            </button>\r\n                        </p>\r\n                        </a>\r\n                        <p>\r\n                        <a\r\n                            href=\"https://www.caretobeauty.com/avene-hydrance-intense-hydrating-serum-30ml/\"\r\n                            ></a>\r\n                        </p>\r\n                    </div>\r\n                    <p>\r\n                        Infused with <strong>Avene</strong> thermal spring water,\r\n                        <strong>Avene Hydrance Intense Hydrating Serum</strong> provides the\r\n                        skin with a boost of hydration, leaving the skin plump and supple.\r\n                        The light serum texture is easily absorbed and sinks comfortably\r\n                        into the skin, providing instant relief from dryness and leaving the\r\n                        skin fresh, luminous, and radiant throughout the day.\r\n                    </p><br><br><br><br><br><br><br>\r\n                    <hr />\r\n                    <p>\r\n                        Well, now that you\'ve seen our selection of the best\r\n                        <strong>Avene</strong> products out there, we hope you\'ve found the\r\n                        right one for you. Looking for something else? Then don\'t hesitate\r\n                        to\r\n                        <a href=\"https://www.caretobeauty.com/avene/\">browse the full <strong>Avene</strong> skincare range here</a>.\r\n                    </p><br><br>\r\n                </div>', '2022-04-01', '5:20 pm', '<div class=\"headings\">             <a href=\"#intro\" id=\"heading\" style=\"display: block !important; margin-top: .5rem; padding-left: 2rem;\">Introduction</a>             <a href=\"#moist\" id=\"heading\" style=\"display: block !important; margin-top: .5rem; padding-left: 2rem;\">SOS Moisturizer</a>             <a href=\"#cleanse\" id=\"heading\" style=\"display: block !important; margin-top: .5rem; padding-left: 2rem;\">Cleansing Gel</a>             <a href=\"#moist2\" id=\"heading\" style=\"display: block !important; margin-top: .5rem; padding-left: 2rem;\">A.D. Moisturizer</a>             <a href=\"#cream\" id=\"heading\" style=\"display: block !important; margin-top: .5rem; padding-left: 2rem;\">Protective Cream</a>             <a href=\"#moist3\" id=\"heading\" style=\"display: block !important; margin-top: .5rem; padding-left: 2rem;\">Daily Moisturizer</a>             <a href=\"#sun\" id=\"heading\" style=\"display: block !important; margin-top: .5rem; padding-left: 2rem;\">Sunscreen</a>             <a href=\"#cream2\" id=\"heading\" style=\"display: block !important; margin-top: .5rem; padding-left: 2rem;\">Antirougeurs Cream</a>             <a href=\"#serum\" id=\"heading\" style=\"display: block !important; margin-top: .5rem; padding-left: 2rem;\">Serum</a>         </div>'),
(3, 'Collection', 'assets/images/others/blog-peach_lily-1.jpg', 'Peach & Lily', 'Peach & Lily Collection vs Peach Slices', 'Having oily skin can be super challenging and is quite a common skin concern. The extra glow is sometimes welcomed, but the breakouts are definitely not...', '<div class=\"article-content\">\r\n                <h2 class=\"text-darkgreen fw-bold\">Peach & Lily Collection vs Peach Slices</h2>\r\n                <p id=\"col1\" class=\"mt-3\">\r\n                    The Peach & Lily Collection is all about achieving\r\n                    glass skin goals, which means your skin at its healthiest. Healthy\r\n                    skin radiates from within. This line of Peach & Lily skincare products\r\n                    is clean, effective, vegan, cruelty free, and perfect for starting your\r\n                    glass skin transformation. We launched the Peach & Lily Collection in\r\n                    2012 with advice from you about what you love about Korean Beauty so we\r\n                    could deliver effective products we knew the community would love.\r\n                    Throughout all these years, you have always remained the most important\r\n                    person to us as we went\r\n                    from developing these, results-first, clean, delightful, clinically\r\n                    proven, and safe products. Among the products in this Peach & Lily\r\n                    skincare line, six won a 2021 Best of K-Beauty Award - including the\r\n                    <a\r\n                        href=\"https://www.peachandlily.com/products/glass-skin-refining-serum\"\r\n                        >Glass Refining Serum</a\r\n                        >,\r\n                    <a\r\n                        href=\"https://www.peachandlily.com/products/super-reboot-resurfacing-mask\"\r\n                        >Super Reboot Resurfacing Mask,</a\r\n                        >\r\n                    <a href=\"https://www.peachandlily.com/products/glass-skin-veil-mist\"\r\n                        >Glass Skin Veil Mist</a\r\n                        >,\r\n                    <a\r\n                        href=\"https://www.peachandlily.com/products/the-good-acids-pore-toner\"\r\n                        >Good Acids Pore Toner</a\r\n                        >,\r\n                    <a\r\n                        href=\"https://www.peachandlily.com/products/lazy-day-all-in-one-moisture-pad\"\r\n                        >Lazy Day All-In-One Moisture Pads</a\r\n                        >, and\r\n                    <a\r\n                        href=\"https://www.peachandlily.com/products/pure-peach-retinoic-eye-cream\"\r\n                        >Pure Peach Retinoic Eye Cream</a\r\n                        >. The collaborative creative process and numerous awards should assure\r\n                    that you\'re getting a proven, quality Korean beauty skincare product\r\n                    with our Peach & Lily Collection. <br><br>\r\n                    <img\r\n                        id=\"img1\"\r\n                        src=\"https://cdn.shopify.com/s/files/1/0791/2083/products/Glass-Skin-Veil-Mist-0_1200x.jpg?v=1598547111\"\r\n                        width=\"100%\"\r\n                        style=\"object-fit:cover;\"\r\n                        />\r\n                    <img\r\n                        id=\"img2\"\r\n                        src=\"https://cdn.shopify.com/s/files/1/0791/2083/products/00-0803-peach-lily2498-Edit_1200x.jpg?v=1628696905\"\r\n                        width=\"100%\"\r\n                        style=\"object-fit:cover;\"\r\n                        />\r\n                </p>\r\n                <p id=\"col2\" style=\"text-align: left\"><br>\r\n                    <br />Peach Slices skincare offers a more playful take on Korean skincare\r\n                    but is still equally as effective as the Peach & Lily Collection. We\r\n                    created the Peach Slices skincare line with the intention of making\r\n                    K-beauty easy and fun but still top-notch, gentle, and super effective.\r\n                    These products, like our\r\n                    <a\r\n                        href=\"https://www.peachandlily.com/products/peach-and-lily-citrus-honey-aqua-glow\"\r\n                        >Citrus-Honey Aqua Glow hydrator</a\r\n                        >,\r\n                    <a\r\n                        href=\"https://www.peachandlily.com/products/peach-pudding-makeup-cleanser\"\r\n                        >Peach Pudding Makeup Cleanser</a\r\n                        >,\r\n                    <a href=\"https://www.peachandlily.com/products/gold-glow-priming-serum\"\r\n                        >Gold Glow Priming Serum</a\r\n                        >, and assorted lip balms and sheet masks, add a pop of whimsy to\r\n                    your skincare routine while not sacrificing good-for-you ingredients\r\n                    that leave your skin clear and radiant. The Peach Slices skincare line\r\n                    also has a focus on acne treatment and prevention, with our\r\n                    revolutionary\r\n                    <a href=\"https://www.peachandlily.com/products/acne-patches\"\r\n                        >Acne Spot Dots</a\r\n                        >\r\n                    - generating over 55 million sold! Other products in this line that won\r\n                    a 2021 Best of K-Beauty Award include the\r\n                    <a href=\"https://www.peachandlily.com/products/deep-blemish-microdarts\"\r\n                        >Deep Blemish Microdarts</a\r\n                        >,\r\n                    <a\r\n                        href=\"https://www.peachandlily.com/products/snail-rescue-blemish-busting-toner\"\r\n                        >Snail Rescue Blemish Busting Toner</a\r\n                        >, and\r\n                    <a href=\"https://www.peachandlily.com/collections/masks\">Calm Mask</a>.\r\n                </p><br><br>\r\n                <img\r\n                    id=\"img3\"\r\n                    src=\"https://cdn.shopify.com/s/files/1/0791/2083/products/Peach_Slices_Citrus-Honey_Aqua_Glow_90mL_PSL121001_CLNT_2c156ce0-bce8-4233-aea4-6685f0b83a1f_1200x.jpg?v=1597171062\"\r\n                    width=\"100%\"\r\n                    style=\"object-fit:cover;\"\r\n                    />\r\n                <img\r\n                    id=\"img4\"\r\n                    src=\"https://cdn.shopify.com/s/files/1/0791/2083/products/Peach_Slices_Peach_Pudding_Makeup_Cleanser_100mL_PSL137001_CLNT_9312ebe9-3214-475d-b7a1-cd2019bfa5d7_1200x.jpg?v=1597170994\"\r\n                    width=\"100%\"\r\n                    style=\"object-fit:cover;\"\r\n                    /><br><br>\r\n            </div>', '2022-04-17', '3:35 pm', '<div class=\"headings\">             <a href=\"#col1\" id=\"heading\" style=\"display: block !important; margin-top: .5rem; padding-left: 2rem;\">Peach & Lily <br> Collection</a>             <a href=\"#img1\" id=\"heading\" style=\"display: block !important; margin-top: .5rem; padding-left: 2rem;\">Glass Skin <br> Veil Mist</a>             <a href=\"#img2\" id=\"heading\" style=\"display: block !important; margin-top: .5rem; padding-left: 2rem;\">Pure Peach <br> Retinoic Eye Cream</a>             <a href=\"#col2\" id=\"heading\" style=\"display: block !important; margin-top: .5rem; padding-left: 2rem;\">Peach Slices</a>             <a href=\"#img3\" id=\"heading\" style=\"display: block !important; margin-top: .5rem; padding-left: 2rem;\">Citrus-Honey <br> Aqua Glow</a>             <a href=\"#img4\" id=\"heading\" style=\"display: block !important; margin-top: .5rem; padding-left: 2rem;\">Peach Pudding <br> Makeup Cleanser</a>         </div>');
INSERT INTO `blogs` (`id`, `topic`, `cover_image`, `brand`, `title`, `description`, `body`, `date_posted`, `time_posted`, `headings`) VALUES
(4, 'Product', 'assets/images/others/blog-rodan+fields-1.jpg', 'Rodan + Fields', 'Get Energized-Looking Skin with Total RF Serum', 'We offer innovative beauty solutions powered by the finest natural ingredients responsibly sourced from Korea’s pristine Jeju Island. Thanks to its volcanic origins...', '<div class=\"blogContainerGutterWidth\" style=\"box-sizing: border-box; width: calc(100% - 0px) !important\">\r\n            <div class=\"rf_blogSingleContentHeader\" id=\"\">\r\n                <h2 class=\"RFdisplayRegular rf_h textCenter fw-bold\">\r\n                Get Energized-Looking Skin with Total RF Serum\r\n                </h2>\r\n                <hr\r\n                class=\"clarityHR\"\r\n                style=\"margin-left: auto; margin-right: auto\"\r\n                /><br>\r\n                <h3 id=\"img\" class=\"rf_detailStandard uppercase textCenter text-darkgreen\">\r\n                Learn all there is to know about our Total RF Serum\r\n                </h3><br>\r\n            </div>\r\n            <div class=\"rf_blogSingleContentWrapper\">\r\n                <div class=\"rf_blogSingleFeaturedImageWrapper\">\r\n                    <img\r\n                        width=\"100%\"\r\n                        src=\"https://www.rodanandfields.com/en-us/blog/wp-content/uploads/2021/11/Blog_TRFS-Get-Energized-Looking-Skin-image.jpg\"\r\n                        alt=\"Total RF Serum with ingredients and benefits\"\r\n                    />\r\n                </div>\r\n                <article class=\"rf_paragraphStandard\"><br>\r\n                    <p>\r\n                    As the days get longer and temperatures rise, many of us are still\r\n                    feeling (and seeing) the negative effects this winter had on our\r\n                    skin: Think that dull, dry look that no one wants, but becomes\r\n                    more common as we get older.\r\n                    </p>\r\n                    <p>\r\n                    If you\'re hoping to say goodbye to dullness and hello to\r\n                    energized, healthy-looking skin this spring, Rodan + Fields has a\r\n                    handful of options that can help with that mission, from Regimens\r\n                    to our serums, body moisturizers, and more.\r\n                    </p>\r\n                    <p>\r\n                    As you begin to work to make sure your skin glows through the end\r\n                    of 2022 and beyond, one of the first products you should\r\n                    prioritize is Rodan + Fields\'\r\n                    <a\r\n                        href=\"https://www.rodanandfields.com/en-us/shop/total-rf-serum/p/ENFM030\"\r\n                        >Total RF Serum</a\r\n                    >. Here\'s everything you need to know about it.\r\n                    </p><br>\r\n                    <h3 id=\"what\" class=\"text-darkgreen\"><a></a>What R+F\'s Total RF Serum is</h3>\r\n                    <p><br>\r\n                    The Total RF Serum is Rodan + Fields\' most comprehensive\r\n                    anti-aging serum. It features RF Trienergy Complex and energizes\r\n                    millions of surface cells by 200%, addressing key signs of aging.\r\n                    </p>\r\n                    <p>\r\n                    The Total RF serum revitalizes the skin so you\'ll end up seeing\r\n                    stronger, healthier, more resilient skin at every level. While\r\n                    you\'ll see visible results when you use this serum on its own,\r\n                    those results can be enhanced when you combine it with other R+F\r\n                    products and regimens.\r\n                    </p>\r\n                    <p>\r\n                    The Total RF Serum was formulated for people over the age of 18 as\r\n                    a comprehensive solution for anyone who wants to either get ahead\r\n                    of visible signs of aging or treat them. We all see signs of aging\r\n                    at different points, but in general people over 25 can benefit\r\n                    from using the Total RF Serum either in combination with one of\r\n                    our Regimens or on its own.\r\n                    </p><br>\r\n                    <h3 id=\"diff\" class=\"text-darkgreen\">\r\n                    What makes <meta charset=\"utf-8\" />Rodan + Fields\' Total RF Serum\r\n                    different from other serums\r\n                    </h3><br>\r\n                    <p>\r\n                    A serum is an important part of any skincare routine, because as\r\n                    we age, our skin is compromised by both environmental factors and\r\n                    the general process of aging. The result is fine lines, wrinkles,\r\n                    dullness, and dryness, and loss of firmness. Adding a serum into\r\n                    your routine can help address and slow down key signs of aging.\r\n                    </p>\r\n                    <p>\r\n                    Here\'s what distinguishes the Total RF Serum from other serums: It\r\n                    features Rodan + Fields\' new proprietary patent-pending RF\r\n                    TriEnergy Complex. This technology energizes millions of surface\r\n                    cells to address all the key signs of visible aging like\r\n                    elasticity, firmness, fine lines, plumpness, texture, even skin\r\n                    tone, radiance, hydrations, softer skin, smaller pore, and\r\n                    glowing, revitalized skin.\r\n                    </p><br>\r\n                    <h3 id=\"ing\" class=\"text-darkgreen\">\r\n                    What ingredients does <meta charset=\"utf-8\" />Rodan + Fields\'\r\n                    Total RF Serum include?\r\n                    </h3><br>\r\n                    <p>\r\n                    The Total RF Serum includes a handful of key ingredients that help\r\n                    give skin that glowing, energized look. These include:\r\n                    </p>\r\n                    <p><strong>RF TriEnergy Complex</strong></p>\r\n                    <p>\r\n                    This technology combines Ayurvedic Sandalwood, Indian Kino Extract\r\n                    and Omega 6 Fatty Acid into a unique ratio that works together to\r\n                    deliver re-invigorated, younger-looking skin.\r\n                    </p>\r\n                    <p><strong>RF3 Antioxidant Complex</strong></p>\r\n                    <p>\r\n                    The RF3 antioxidant complex was developed and patented by Rodan +\r\n                    Fields scientists. It fortifies skin so it\'s more resilient, and\r\n                    it helps defend against environmental triggers so your skin is\r\n                    more even-looking.\r\n                    </p>\r\n                    <p><strong>Ceramides</strong></p>\r\n                    <p>\r\n                    You can think of ceramides as the glue that holds our skin cells\r\n                    together and keeps our skin healthy. Our skin makes ceramides\r\n                    naturally, but it makes less of it as we age. When this happens,\r\n                    it leads to dry, rough skin. The role of ceramides in the total RF\r\n                    serum exists to help fortify the skin\'s barrier and retain\r\n                    moisture. This results in smoother, firmer-looking skin with fewer\r\n                    fine lines.\r\n                    </p>\r\n                    <p><strong>Calcium</strong></p>\r\n                    <p>\r\n                    Calcium in a skincare product? Yes, it\'s a thing - and it plays an\r\n                    important role. Calcium helps with visible firmness to make skin\r\n                    feel tighter and more resilient. Most calcium in the skin is found\r\n                    in the outermost layer of the skin, also called the epidermis,\r\n                    where it has been shown to play a crucial role in barrier\r\n                    protection and skin homeostasis.\r\n                    </p><br>\r\n                    <h3 id=\"other\" class=\"text-darkgreen\"><a></a>Other products to consider</h3>\r\n                    <p><br>\r\n                    The Total RF Serum can be used on its own, and you\'ll see some\r\n                    great results from it.\r\n                    <a\r\n                        href=\"https://www.rodanandfields.com/en-us/featured/c/special-offers\"\r\n                        >But it was formulated to enhance any Rodan + Fields regimen</a\r\n                    >. This can include the\r\n                    <a\r\n                        href=\"https://www.rodanandfields.com/en-us/shop/redefine-regimen/p/HAAGR\"\r\n                        >Redefine Regimen</a\r\n                    >\r\n                    (an anti-aging favorite for <meta charset=\"utf-8\" />Rodan + Fields\r\n                    customers),\r\n                    <a\r\n                        href=\"https://www.rodanandfields.com/en-us/shop/reverse-regimen/p/HRVRGG01\"\r\n                        >Reverse Regimen </a\r\n                    >(revitalizes and brighten),\r\n                    <a href=\"https://www.rodanandfields.com/en-us/collection/c/soothe\"\r\n                        >Soothe Regimen</a\r\n                    >\r\n                    (revitalies and relieves skin),\r\n                    <a\r\n                        href=\"https://www.rodanandfields.com/en-us/collection/c/unblemish\"\r\n                        >Unblemish Regimen</a\r\n                    >\r\n                    (helps treat acne), and<a\r\n                        href=\"https://www.rodanandfields.com/en-us/shop/recharge-regimen/p/RCRG001\"\r\n                    >\r\n                        Recharge Regimen</a\r\n                    >\r\n                    (focused on revitalizing and protecting your skin).\r\n                    </p>\r\n                    <p>\r\n                    Whether you use the Total RF Serum on its own or in combination\r\n                    with other Rodan + Fields Regimens, you\'ll see some impressive\r\n                    results.\r\n                    </p>\r\n                    <p>\r\n                    As with any active product we recommend patch testing Total RF\r\n                    Serum before applying it full face. Please see instructions on our\r\n                    <a\r\n                        href=\"https://www.rodanandfields.com/en-us/shop/total-rf-serum/p/ENFM030\"\r\n                        data-type=\"URL\"\r\n                        data-id=\"https://www.rodanandfields.com/en-us/shop/total-rf-serum/p/ENFM030\"\r\n                        >website</a>.\r\n                    </p>\r\n                </article><br><br>\r\n            </div>\r\n        </div>', '2022-03-22', '5:45 pm', '<div class=\"headings\">             <a href=\"#img\" id=\"heading\" style=\"display: block !important; margin-top: .5rem; padding-left: 2rem;\">Total RF Serum</a>             <a href=\"#what\" id=\"heading\" style=\"display: block !important; margin-top: .5rem; padding-left: 2rem;\">What It Is</a>             <a href=\"#diff\" id=\"heading\" style=\"display: block !important; margin-top: .5rem; padding-left: 2rem;\">What Makes <br> It Different</a>             <a href=\"#ing\" id=\"heading\" style=\"display: block !important; margin-top: .5rem; padding-left: 2rem;\">Ingredients</a>             <a href=\"#other\" id=\"heading\" style=\"display: block !important; margin-top: .5rem; padding-left: 2rem;\">Other Products</a>         </div>'),
(5, 'Oily Skin', 'assets/images/others/blog-herbalessentials-1.jpg', 'Herbal Essentials', 'Oily Skin? Here\'s What You Need', 'The Peach & Lily Collection is all about achieving glass skin goals, which means your skin at its healthiest. Healthy skin radiates from within...', '<div class=\"section-header\">\r\n            <h3 id=\"intro\" class=\"text-darkgreen fw-bold\">Oily Skin? Here\'s What You Need</h3><br>\r\n            <p>\r\n                Having oily skin can be super challenging and is quite a\r\n                common skin concern. The extra glow is sometimes welcomed,\r\n                but the breakouts are definitely not. Knowing that you can\r\n                apply as much as makeup but it is all going to wear off\r\n                easily is not a nice feeling too. The enlarged pores have a\r\n                story of their own!\r\n            </p>\r\n            <p>\r\n                Personally, being someone who has struggled with oily skin\r\n                for a while now I relate to all the concerns that come with\r\n                this skin type. Let\'s just agree that trying ALL kinds of\r\n                face packs, skin and beauty hacks does not work. Been there\r\n                done that!\r\n            </p>\r\n            <p>\r\n                Fortunately, with the right skincare products, there are\r\n                ways to maintain oily skin.\r\n            </p><br>\r\n\r\n            <h4 id=\"step1\" class=\"text-darkgreen\"><strong>Step 1: Cleanse in the morning and evening</strong></h4><br>\r\n            <p>\r\n                This is the most important step in your skincare routine -\r\n                if you\'re not properly cleansing your skin everyday, then\r\n                there\'s almost no point to your skincare routine.\r\n            </p>\r\n            <p>\r\n                Even when you feel that your skin is still clean from the\r\n                evening before, you still need to deeply wash your face the\r\n                next morning. Even during the night, your skin is producing\r\n                oils which can contribute to more breakouts.\r\n            </p>\r\n            <p>\r\n                Our Purifying Face Wash is a good option for oily skin\r\n                types. Filled with power ingredients to balance sebum whilst\r\n                removing impurities. The product acts as a deep cleanser and\r\n                does not let the skin strip. Leaving your skin feeling fresh\r\n                and nourished.\r\n            </p>\r\n            <p>Shop <strong><u><a href=\"https://herbal-essentials.com/collections/oily-skin/products/purifying-face-wash\">here</a></u></strong>.</p><br>\r\n\r\n            <a href=\"https://herbal-essentials.com/collections/oily-skin/products/purifying-face-wash\" target=\"_blank\">\r\n                <img width=\"100%\" height=\"500rem\" style=\"object-fit:cover;\" src=\"https://ucarecdn.com/08b45d04-9359-473b-9685-8ff6e274fe0e/-/format/auto/-/preview/3000x3000/-/quality/lighter/Herbal Essentials Product Lifestyle-13.JPG\" alt=\"Purifying Face Wash\" />\r\n            </a><br><br>\r\n\r\n            <h4 id=\"step2\" class=\"text-darkgreen\"><strong>Step 2: Use a toner</strong></h4><br>\r\n            <p>\r\n                Once your skin has been properly cleansed, it\'s a good idea\r\n                to follow this step with a Toner. A toner helps to remove\r\n                any last traces of dirt and impurities that are still stuck\r\n                in your pores.\r\n            </p>\r\n            <p>\r\n                Our Purifying Toner helps to restore your skin\'s PH levels,\r\n                reduce pores and improve skin tone without stripping the\r\n                skin. Welcome radiant & hydrated skin.\r\n            </p>\r\n            <p>Shop <strong><u><a href=\"https://herbal-essentials.com/collections/oily-skin/products/purifying-toner\" class=\"\">here</a></u></strong>.</p><br>\r\n\r\n            <a href=\"https://herbal-essentials.com/collections/oily-skin/products/purifying-toner\" target=\"_blank\">\r\n                <img width=\"100%\" height=\"500rem\" style=\"object-fit:cover;\" src=\"https://ucarecdn.com/6addff97-d478-4ddd-9f37-53f4774d6872/-/format/auto/-/preview/3000x3000/-/quality/lighter/Herbal Essentials Product Lifestyle-11-2.JPG\" alt=\"Refreshing Toner\" />\r\n            </a><br><br>\r\n\r\n            <h4 id=\"step3\" class=\"text-darkgreen\"><strong>Step 3: Moisturise every morning and evening</strong></h4><br>\r\n            <p>\r\n                A lot of people think that if you have oily skin, you don\'t\r\n                need to moisturise. This couldn\'t be further from the truth.\r\n                The important thing to do is make sure that you are using\r\n                the right type of moisturiser for your skin type. We\r\n                recommend using a lightweight and oil-free cream in the\r\n                mornings and evenings.\r\n            </p>\r\n            <p>\r\n                Our Hydra Active Gel is perfect for boosting hydration and\r\n                calming the skin. It\'s a lightweight gel moisturiser that\r\n                quickly absorbs into the skin with clogging pores. Better\r\n                yet, in a recent study, 72% of women found that this\r\n                moisturiser improved the look of blemishes.\r\n            </p>\r\n            <p>Shop <strong><u><a href=\"https://herbal-essentials.com/collections/oily-skin/products/hydra-5-gel\" class=\"\">here</a></u></strong>.</p><br>\r\n\r\n            <a href=\"https://herbal-essentials.com/collections/oily-skin/products/hydra-5-gel\" target=\"_blank\"><img width=\"100%\" height=\"500rem\" style=\"object-fit:cover;\" src=\"https://ucarecdn.com/86631fb0-f89b-487f-9069-de1c0fc860ab/-/format/auto/-/preview/3000x3000/-/quality/lighter/Herbal Essentials Product Lifestyle-7.JPG\" alt=\"Rescue Revive Eye Mask\" /></a><br><br>\r\n\r\n            <p>\r\n                This trio is your one stop solutionto saying a due goodbye\r\n                to unmanageable oily skin. These three power were created to\r\n                support oily-prone complexions, this complete regimen of\r\n                cleanser, toner, and moisturiser will offer the ultimate\r\n                purifying routine.\r\n            </p>\r\n            <p>\r\n                At Herbal Essentials, all our products also include pure\r\n                Himalayan Spring Water so that you can enjoy the numerous\r\n                benefits of water for your skin. Our water is rich in\r\n                natural minerals and antioxidants, including Calcium,\r\n                Magnesium and Potassium, all of which help to support skin\r\n                cell renewal, calm the skin from redness and irritation and\r\n                strengthen the skin barrier.\r\n            </p>\r\n            <p>\r\n                Our clinical trials produced outstanding results and our\r\n                Himalayan water has been shown to increase hydration by up\r\n                to 184%. This, combined with powerful plant-based actives,\r\n                will help you maintain healthy, glowing and confident skin\r\n                all year round.\r\n            </p>\r\n            <p>Check out our full range of products<strong> <u><a href=\"https://herbal-essentials.com/collections/natural-clinically-proven-skincare\" class=\"\">here</a></u></strong>.</p><br><br><br>\r\n        </div>', '2022-02-21', '8:20 am', '<div class=\"headings\">             <a href=\"#intro\" id=\"heading\" style=\"display: block !important; margin-top: .5rem; padding-left: 2rem;\">Introduction</a>             <a href=\"#step1\" id=\"heading\" style=\"display: block !important; margin-top: .5rem; padding-left: 2rem;\">Step 1 - Cleanse</a>             <a href=\"#step2\" id=\"heading\" style=\"display: block !important; margin-top: .5rem; padding-left: 2rem;\">Step 2 - Toner</a>             <a href=\"#step3\" id=\"heading\" style=\"display: block !important; margin-top: .5rem; padding-left: 2rem;\">Step 3 - Moisturise</a>         </div>'),
(6, 'Brand', 'assets/images/others/blog-innisfree-1.jpg', 'InnisFree', 'Get to know InnisFree and their resources', 'As the days get longer and temperatures rise, many of us are still feeling (and seeing) the negative effects this winter had on our skin: Think that dull, dry look...', '<div class=\"content-blocks\">\r\n            <div id=\"shopify-section-cms--text-brand-1\" class=\"shopify-section\">\r\n                <div class=\"text-blocks text-blocks--dark\">\r\n                    <div class=\"text-block\">\r\n                        <div class=\"text-block__title \">\r\n                            <h3 id=\"intro\" class=\"text-darkgreen fw-bold\"><strong>NATURAL BENEFITS FROM JEJU ISLAND</strong></h3><br>\r\n                        </div>\r\n                    </div>\r\n                </div>\r\n            </div>\r\n            <div id=\"shopify-section-cms--image-brand-1\" class=\"shopify-section\">\r\n                <div class=\"image-blocks image-blocks--padded\">\r\n                    <div class=\"image-block\">\r\n                        <img loading=\"lazy\" width=\"100%\" height=\"500rem\" style=\"object-fit: cover;\" src=\"//cdn.shopify.com/s/files/1/0089/3367/1012/files/img_concept_01_1280x720_crop_center.jpg?v=1565356977\" alt=\"\">\r\n                    </div>\r\n                </div>\r\n            </div>\r\n            <div id=\"shopify-section-cms--text-brand-2\" class=\"shopify-section\">\r\n                <div class=\"text-blocks text-blocks--dark\">\r\n                    <div class=\"text-block\">\r\n                        <div class=\"text-block__body\"><br>\r\n                            <p>We offer innovative beauty solutions powered by the finest natural ingredients <br>responsibly sourced from Korea\'s pristine Jeju Island. <br><br>Thanks to its volcanic origins, this fertile oasis has a unique ecosystem with unparalleled resources to nurture beautiful skin. <br><br>Our proprietary extraction methods preserve the purity and potency of these wholesome ingredients from plant to bottle, offering advanced formulas that safely address all skin concerns without the use of harmful chemicals and preservatives. <br><br>With the wonders of nature at the heart of innisfree, we take care to <br>preserve and protect the environment in all that we do</p>\r\n                        </div>\r\n                        <div class=\"text-block__cta\"></div>\r\n                    </div>\r\n                </div>\r\n\r\n            </div>\r\n\r\n            <div id=\"shopify-section-cms--text-brand-3\" class=\"shopify-section\">\r\n                <div class=\"text-blocks text-blocks--dark\">\r\n                    <div class=\"text-block\">\r\n                        <div class=\"text-block__title \"><br>\r\n                            <h4 id=\"name\" class=\"fw-bold text-darkgreen\">OUR NAME</h4>\r\n                        </div><br>\r\n                    </div>\r\n                </div>\r\n\r\n            </div>\r\n            <div id=\"shopify-section-cms--image-brand-2\" class=\"shopify-section\">\r\n\r\n                <div class=\"image-blocks image-blocks--padded\">\r\n                    <div class=\"image-block\">\r\n                        <img loading=\"lazy\" width=\"100%\" height=\"500rem\" style=\"object-fit: cover;\" src=\"//cdn.shopify.com/s/files/1/0089/3367/1012/files/img_concept_02_1280x720_crop_center.jpg?v=1565356979\" alt=\"\">\r\n                    </div>\r\n\r\n                </div>\r\n            </div>\r\n            <div id=\"shopify-section-cms--text-brand-4\" class=\"shopify-section\">\r\n                <div class=\"text-blocks text-blocks--dark\">\r\n                    <div class=\"text-block\">\r\n                        <div class=\"text-block__body\"><br>\r\n                            <p>Our name is inspired by \'William Butler Yeats\' <em>The Lake Isle of innisfree</em>, a lyrical poem that expresses a longing to leave behind urban life for a beautiful peaceful island, where you can enjoy the fruits of nature\'s abundance. Just like Jeju. <br><br>Jeju Island is a unique oasis that offers a sensorial escape from the fast-paced daily life and a rejuvenating moment to nurture healthy skin in perfect harmony with nature.</p>\r\n                        </div>\r\n                    </div>\r\n                </div>\r\n\r\n            </div>\r\n\r\n            <div id=\"shopify-section-cms--text-brand-5\" class=\"shopify-section\">\r\n                <div class=\"text-blocks text-blocks--dark\">\r\n                    <div class=\"text-block\">\r\n                        <div class=\"text-block__title \"><br>\r\n                            <h4 id=\"pledges\" class=\"fw-bold text-darkgreen\">OUR PLEDGES</h4>\r\n                        </div><br>\r\n                    </div>\r\n                </div>\r\n\r\n            </div>\r\n            <div id=\"shopify-section-cms--image-brand-3\" class=\"shopify-section\">\r\n\r\n                <div class=\"image-blocks image-blocks--padded\">\r\n                    <div class=\"image-block\">\r\n                        <img loading=\"lazy\" width=\"100%\" height=\"500rem\" style=\"object-fit: cover;\" src=\"//cdn.shopify.com/s/files/1/0089/3367/1012/files/img_concept_03_1280x720_crop_center.jpg?v=1565356977\" alt=\"\">\r\n                    </div><br>\r\n                </div>\r\n            </div>\r\n            <div id=\"shopify-section-cms--text-brand-6\" class=\"shopify-section\">\r\n                <div class=\"text-blocks-pledge\">\r\n                    <div class=\"text-block\">\r\n                        <div class=\"text-block__body\">\r\n                            <p>1 &nbsp;&nbsp;&nbsp;&nbsp;&nbsp;&nbsp;&nbsp;&nbsp;&nbsp;&nbsp;</p>\r\n                            <p>Promote healthy-looking skin with sustainably-sourced ingredients from Jeju Island</p>\r\n                        </div>\r\n                    </div>\r\n                    <div class=\"text-block\">\r\n                        <div class=\"text-block__body\">\r\n                            <p>2 &nbsp;&nbsp;&nbsp;&nbsp;&nbsp;&nbsp;&nbsp;&nbsp;&nbsp;&nbsp;</p>\r\n                            <p>Provide innovative and reasonably-priced skin care solutions for all skin types and concerns</p>\r\n                        </div>\r\n                    </div>\r\n                    <div class=\"text-block\">\r\n                        <div class=\"text-block__body\">\r\n                            <p>3 &nbsp;&nbsp;&nbsp;&nbsp;&nbsp;&nbsp;&nbsp;&nbsp;&nbsp;&nbsp;</p>\r\n                            <p>Offer a sensorial escape through the wonders of Jeju Island</p>\r\n                        </div>\r\n                    </div>\r\n                    <div class=\"text-block\">\r\n                        <div class=\"text-block__body\">\r\n                            <p>4 &nbsp;&nbsp;&nbsp;&nbsp;&nbsp;&nbsp;&nbsp;&nbsp;&nbsp;&nbsp;</p>\r\n                            <p>Preserve and protect nature\'s vitality through eco-conscious initiatives</p>\r\n                        </div>\r\n                    </div>\r\n                </div>\r\n            </div><br><br><br>\r\n        </div>', '2022-05-01', '7:15 am', '<div class=\"headings\">             <a href=\"#intro\" id=\"heading\" style=\"display: block !important; margin-top: .5rem; padding-left: 2rem;\">Introduction</a>             <a href=\"#name\" id=\"heading\" style=\"display: block !important; margin-top: .5rem; padding-left: 2rem;\">Our Name</a>             <a href=\"#pledges\" id=\"heading\" style=\"display: block !important; margin-top: .5rem; padding-left: 2rem;\">Our Pledges</a>         </div>');

-- --------------------------------------------------------

--
-- Table structure for table `categories`
--

DROP TABLE IF EXISTS `categories`;
CREATE TABLE IF NOT EXISTS `categories` (
  `id` int(11) NOT NULL AUTO_INCREMENT,
  `name` varchar(50) NOT NULL,
  `short_description` varchar(100) NOT NULL,
  `description` text NOT NULL,
  `image` varchar(255) NOT NULL,
  PRIMARY KEY (`id`)
) ENGINE=InnoDB AUTO_INCREMENT=7 DEFAULT CHARSET=latin1;

--
-- Dumping data for table `categories`
--

INSERT INTO `categories` (`id`, `name`, `short_description`, `description`, `image`) VALUES
(1, 'Bundles', 'Small set of skincare products for 1 time use', 'If you\'re looking to test a skin routine, these bundles are perfect for you! There\'s a moisturizer, toner, serum & essence, cleanser and mask compiled from the best brands.', 'assets/images/others/categories-bundles.png'),
(2, 'Cleanser', 'Prevent skin dehydration with nourishing face moisturizer for your skin type', 'Lock in hydration all day long with the right nourishing face moisturizer for your skin type. Choose between moisturizers, creams, gel-creams, and emulsions to find your go-to formula!', 'assets/images/others/categories-cleanser.png\r\n'),
(3, 'Toner', 'Gently refresh your skin without stripping it of its natural moisture', 'Soften and rebalance the skin with toner to maximize absorption of next steps.', 'assets/images/others/categories-toner.png'),
(4, 'Serum & Essence', 'Targets skin imperfections on the face to revitalize and enhance it back to its original perfection', 'Daily concentrates to target your skin\'s unique needs & lightweight, multi-tasking heroes for the perfect skin prep.', 'assets/images/others/categories-serum.png'),
(5, 'Moisturizer', 'The second step of your double cleansing routine, tailored to fit your skin\'s needs.', 'Cleanses the skin and washes away the daily grime like makeup, dead skin cells, excess oil, and pollutants.', 'assets/images/others/categories-moisturizer.png'),
(6, 'Masks', 'Single-use staples for that signature glow.', 'Driving ingredients closer and deeper into the skin, infusing your pores and allowing the skin to soak up more of the product.', 'assets/images/others/categories-masks.png');

-- --------------------------------------------------------

--
-- Table structure for table `key_ingredient`
--

DROP TABLE IF EXISTS `key_ingredient`;
CREATE TABLE IF NOT EXISTS `key_ingredient` (
  `id` int(11) NOT NULL AUTO_INCREMENT,
  `name` varchar(50) NOT NULL,
  `description` text NOT NULL,
  `image` varchar(255) NOT NULL,
  PRIMARY KEY (`id`)
) ENGINE=InnoDB AUTO_INCREMENT=10 DEFAULT CHARSET=latin1;

--
-- Dumping data for table `key_ingredient`
--

INSERT INTO `key_ingredient` (`id`, `name`, `description`, `image`) VALUES
(1, 'Hyaluronic Acid', '', 'assets/images/others/key-all.png'),
(2, 'Niacinamide', '', 'assets/images/others/key-all.png'),
(3, 'Vitamin E', '', 'assets/images/others/key-all.png'),
(4, 'Antioxidants', '', 'assets/images/others/key-all.png'),
(5, 'Salicylic Acid', '', 'assets/images/others/key-all.png'),
(6, 'Amino Acids', '', 'assets/images/others/key-all.png'),
(7, 'Butylene Glycol', '', 'assets/images/others/key-all.png'),
(8, 'Citric Acid', '', 'assets/images/others/key-all.png'),
(9, 'Glycerin', '', 'assets/images/others/key-all.png');

-- --------------------------------------------------------

--
-- Table structure for table `orders`
--

DROP TABLE IF EXISTS `orders`;
CREATE TABLE IF NOT EXISTS `orders` (
  `id` int(11) NOT NULL AUTO_INCREMENT,
  `user_id` int(11) NOT NULL,
  `address_id` int(11) NOT NULL,
  `payment_method` varchar(25) NOT NULL,
  `shipping_fee` decimal(11,2) NOT NULL,
  `total` decimal(11,2) NOT NULL,
  `subtotal` decimal(11,2) NOT NULL,
  `num_items` int(11) NOT NULL,
  `ordered_on` date NOT NULL,
  `order_status` varchar(25) NOT NULL,
  `image` varchar(255) NOT NULL,
  PRIMARY KEY (`id`),
  KEY `user_order_fk` (`user_id`),
  KEY `address_order_fk` (`address_id`)
) ENGINE=InnoDB DEFAULT CHARSET=latin1;

-- --------------------------------------------------------

--
-- Table structure for table `order_items`
--

DROP TABLE IF EXISTS `order_items`;
CREATE TABLE IF NOT EXISTS `order_items` (
  `id` int(11) NOT NULL AUTO_INCREMENT,
  `order_id` int(11) NOT NULL,
  `name` varchar(255) NOT NULL,
  `size` varchar(25) NOT NULL,
  `quantity` int(11) NOT NULL,
  `subtotal` decimal(10,0) NOT NULL,
  PRIMARY KEY (`id`)
) ENGINE=InnoDB DEFAULT CHARSET=latin1;

-- --------------------------------------------------------

--
-- Table structure for table `payments`
--

DROP TABLE IF EXISTS `payments`;
CREATE TABLE IF NOT EXISTS `payments` (
  `id` int(11) NOT NULL AUTO_INCREMENT,
  `user_id` int(11) NOT NULL,
  `name_on_card` varchar(255) NOT NULL,
  `card_number` varchar(50) NOT NULL,
  `expiry_month` int(11) NOT NULL,
  `expiry_year` int(11) NOT NULL,
  `added_at` date NOT NULL,
  PRIMARY KEY (`id`),
  KEY `user_payment_fk` (`user_id`)
) ENGINE=InnoDB DEFAULT CHARSET=latin1;

-- --------------------------------------------------------

--
-- Table structure for table `products`
--

DROP TABLE IF EXISTS `products`;
CREATE TABLE IF NOT EXISTS `products` (
  `id` int(11) NOT NULL AUTO_INCREMENT,
  `category_id` int(11) NOT NULL,
  `key_ingredient_id` int(11) NOT NULL,
  `skin_concern_id` int(11) NOT NULL,
  `name` varchar(100) NOT NULL,
  `cosdna_link` varchar(255) NOT NULL,
  `product_link` varchar(255) NOT NULL,
  `description` text NOT NULL,
  `for_skin_type` varchar(50) NOT NULL,
  `for_skin_concern` varchar(50) NOT NULL,
  `category` varchar(50) NOT NULL,
  `brand` varchar(50) NOT NULL,
  `main_ingredient` varchar(50) NOT NULL,
  `in_cart` tinyint(1) NOT NULL,
  `in_wishlist` tinyint(1) NOT NULL,
  `base_price` decimal(10,0) NOT NULL,
  `price` json NOT NULL,
  `images` json NOT NULL,
  `ave_rating` decimal(10,2) NOT NULL,
  `num_reviews` int(11) NOT NULL,
  PRIMARY KEY (`id`),
  KEY `category_product_fk` (`category_id`),
  KEY `key_ingredient_product_fk` (`key_ingredient_id`),
  KEY `skin_concern_product_fk` (`skin_concern_id`)
) ENGINE=InnoDB AUTO_INCREMENT=53 DEFAULT CHARSET=latin1;

--
-- Dumping data for table `products`
--

INSERT INTO `products` (`id`, `category_id`, `key_ingredient_id`, `skin_concern_id`, `name`, `cosdna_link`, `product_link`, `description`, `for_skin_type`, `for_skin_concern`, `category`, `brand`, `main_ingredient`, `in_cart`, `in_wishlist`, `base_price`, `price`, `images`, `ave_rating`, `num_reviews`) VALUES
(1, 2, 1, 1, 'Hydrating Facial Cleanser', 'http://www.cosdna.com/eng/cosmetic_3183346169.html', 'https://www.cerave.com/skincare/cleansers/hydrating-facial-cleanser', 'A cleanser can remove dirt, makeup and other debris, but a hydrating cleanser, like CeraVe Hydrating Facial Cleanser, can do all that without disrupting the skin\'s natural protective barrier or stripping the skin of its natural moisture.', 'Normal, Dry', 'Hydration', 'Cleanser', 'CeraVe', '3 essential ceramides', 0, 0, '14', '{\"prices\": {\"price1\": \"0.76\", \"price2\": \"1.14\", \"price3\": \"1.52\"}}', '{\"images\": {\"image1\": \"assets/images/products/cleanser/hydrating-cerave-1.png\", \"image2\": \"assets/images/products/cleanser/hydrating-cerave-2.jpg\", \"image3\": \"assets/images/products/cleanser/hydrating-cerave-3.jpg\"}}', '0.00', 0),
(2, 2, 2, 4, 'Brightening & Pore-caring Facial Cleanser', 'http://www.cosdna.com/eng/cosmetic_1488318714.html', 'https://us.innisfree.com/products/brightening-pore-caring-facial-cleanser', 'Hydrating, white clay-infused cleansing foam that helps remove impurities from pores for clear, refreshed skin.', 'All', 'Dullness & Uneven Skin Tone', 'Cleanser', 'InnisFree', 'Jeju tangerine peel extract', 0, 0, '17', '{\"prices\": {\"price1\": \"0.49\", \"price2\": \"0.73\", \"price3\": \"0.97\"}}', '{\"images\": {\"image1\": \"assets/images/products/cleanser/brightening-innisfree-1.png\", \"image2\": \"assets/images/products/cleanser/brightening-innisfree-2.jpg\", \"image3\": \"assets/images/products/cleanser/brightening-innisfree-3.jpg\"}}', '0.00', 0),
(3, 2, 3, 1, 'Gentle Milk Cleanser', 'http://www.cosdna.com/eng/cosmetic_c837457675.html', 'https://www.aveneusa.com/gentle-milk-cleanser', 'Gentle, no-rinse cleanser for dry skin removes make-up, dirt and oil while providing moisture and antioxidant protection. Skin is left smooth, soft and supple.', 'Dry', 'Hydration', 'Cleanser', 'Avene', 'Avene Thermal Spring Water', 0, 0, '20', '{\"prices\": {\"price1\": \"0.76\", \"price2\": \"1.14\", \"price3\": \"1.52\"}}', '{\"images\": {\"image1\": \"assets/images/products/cleanser/gentle-avene-1.png\", \"image2\": \"assets/images/products/cleanser/gentle-avene-2.jpg\", \"image3\": \"assets/images/products/cleanser/gentle-avene-3.jpg\"}}', '0.00', 0),
(4, 2, 6, 6, 'Perfect Renew Youth Skin Refiner', 'http://www.cosdna.com/eng/cosmetic_f8c4539848.html', 'https://us.laneige.com/products/perfect-renew-youth-skin-refiner', 'An anti-aging toner used as the first step after cleansing to nourish, hydrate, and soften skin, helping prep it to better absorb the rest of your skincare products.', 'All', 'Age Prevention', 'Cleanser', 'Laneige', 'Wild Butterfly Ginger', 0, 0, '39', '{\"prices\": {\"price1\": \"0.49\", \"price2\": \"0.73\", \"price3\": \"0.97\"}}', '{\"images\": {\"image1\": \"assets/images/products/cleanser/perfect-laneige-1.png\", \"image2\": \"assets/images/products/cleanser/perfect-laneige-2.jpg\", \"image3\": \"assets/images/products/cleanser/perfect-laneige-3.jpg\"}}', '0.00', 0),
(5, 2, 5, 2, 'Peach Slices Acne Clarifying Cleanser', 'http://www.cosdna.com/eng/cosmetic_140b567382.html', 'https://www.peachandlily.com/products/acne-clarifying-cleanser', 'Clinically-proven cleanser helps clear & prevent acne rapidly, deep cleans, and soothes. Gentle yet effective clinically-proven cleanser easily removes stubborn impurities and oil for a deep clean that leaves skin visibly clear, smooth and calm.', 'Combination, Normal, Oily, Dry', 'Pore Solutions', 'Cleanser', 'Peach & Lily', 'Acerola', 0, 0, '11', '{\"prices\": {\"price1\": \"0.92\", \"price2\": \"1.37\", \"price3\": \"1.83\"}}', '{\"images\": {\"image1\": \"assets/images/products/cleanser/peach-peach_lily-1.png\", \"image2\": \"assets/images/products/cleanser/peach-peach_lily-2.jpg\", \"image3\": \"assets/images/products/cleanser/peach-peach_lily-3.jpg\", \"image4\": \"assets/images/products/cleanser/peach-peach_lily-4.jpg\", \"image5\": \"assets/images/products/cleanser/peach-peach_lily-5.jpg\", \"image6\": \"assets/images/products/cleanser/peach-peach_lily-6.jpg\"}}', '0.00', 0),
(6, 2, 6, 7, 'REDEFINE Daily Foaming Cleanser', 'http://www.cosdna.com/eng/cosmetic_c235534547.html', 'https://www.rodanandfields.com/en-us/shop/redefine-daily-foaming-cleanser/p/AAWF125', 'Lather away impurities. Our foaming cleanser with AHAs gently exfoliates and purifies skin as it removes dirt, oil + makeup.', 'All', 'Pore Solutions, Lifting & Firming, Age Prevention', 'Cleanser', 'Rodan+Fields', 'Alpha hydroxy acids', 0, 0, '45', '{\"prices\": {\"price1\": \"3.75\", \"price2\": \"5.63\", \"price3\": \"7.50\"}}', '{\"images\": {\"image1\": \"assets/images/products/cleanser/redefine-rodan+fields-1.png\", \"image2\": \"assets/images/products/cleanser/redefine-rodan+fields-2.jpg\", \"image3\": \"assets/images/products/cleanser/redefine-rodan+fields-3.jpg\"}}', '0.00', 0),
(7, 2, 8, 1, 'Purifying Face Wash', 'http://www.cosdna.com/eng/cosmetic_a5dd566043.html', 'https://herbal-essentials.com/products/purifying-face-wash', 'An ultra-fresh face wash that cleanses, calms and soothes skin whilst maintaining your skin\'s moisture levels. Formulated with Neem, Hyssop to balance sebum productin and Aloe Vera to calm and moisturise your skin. Suitable for oily and combination skin.', 'Oily, Combination', 'Hydration', 'Cleanser', 'Herbal Essentials', 'Neem & Hyssop extracts', 0, 0, '8', '{\"prices\": {\"price1\": \"0.40\", \"price2\": \"0.60\", \"price3\": \"0.80\"}}', '{\"images\": {\"image1\": \"assets/images/products/cleanser/purifying-herbalessentials-1.png\", \"image2\": \"assets/images/products/cleanser/purifying-herbalessentials-2.jpg\", \"image3\": \"assets/images/products/cleanser/purifying-herbalessentials-3.jpg\", \"image4\": \"assets/images/products/cleanser/purifying-herbalessentials-4.jpg\"}}', '0.00', 0),
(8, 2, 8, 3, 'SoonJung pH 6.5 Whip Cleanser 350ml', 'http://www.cosdna.com/eng/cosmetic_456c499150.html', 'https://www.etude.com/int/en/index.php/soonjung-ph-6-5-whip-cleanser-350ml.html', 'Whipped cream-textured cleanser with weakly acidic bubbles for moisturizing facial cleansing.', 'Sensitive, Irrated, Weak', 'Troubled Skin, Sensitive Skin', 'Cleanser', 'Etude', 'Weakly acidic bubbles', 0, 0, '32', '{\"prices\": {\"price1\": \"0.76\", \"price2\": \"1.14\", \"price3\": \"1.52\"}}', '{\"images\": {\"image1\": \"assets/images/products/cleanser/soonjung-etude-1.png\", \"image2\": \"assets/images/products/cleanser/soonjung-etude-2.jpg\", \"image3\": \"assets/images/products/cleanser/soonjung-etude-3.jpg\"}}', '0.00', 0),
(9, 2, 9, 2, 'Tea Tree Balancing Foaming Cleanser', 'https://www.cosdna.com/eng/cosmetic_57f4518318.html', 'https://www.peachandlily.com/products/tea-tree-balancing-foaming-cleanser', 'A gentle foaming cleanser formulated with USDA organic aloe vera and tea tree oil to effectively remove dirt and makeup to leave skin feeling purified, fresh and toned without stripping away natural oils. Burdock and comfrey root extracts provide calm and hydrating effects.', 'Oily', 'Pore Solutions', 'Cleanser', 'Peach & Lily', 'Aloe Vera', 0, 0, '22', '{\"prices\": {\"price1\": \"0.62\", \"price2\": \"0.93\", \"price3\": \"1.24\"}}', '{\"images\": {\"image1\": \"assets/images/products/cleanser/aromatica-peach_lily-1.png\", \"image2\": \"assets/images/products/cleanser/aromatica-peach_lily-2.jpg\", \"image3\": \"assets/images/products/cleanser/aromatica-peach_lily-3.jpg\", \"image4\": \"assets/images/products/cleanser/aromatica-peach_lily-4.jpg\"}}', '0.00', 0),
(10, 3, 3, 3, 'Gentle Toning Lotion', 'https://www.cosdna.com/eng/cosmetic_7201577740.html', 'https://www.aveneusa.com/gentle-toner', 'Gentle, bi-phase toner softens and helps protect skin against external aggressors while resetting skin\'s pH after cleansing.', 'All', 'Troubled Skin', 'Toner', 'Avene', 'Avene Thermal Spring Water', 0, 0, '20', '{\"prices\": {\"price1\": \"1.00\", \"price2\": \"1.50\", \"price3\": \"2.00\"}}', '{\"images\": {\"image1\": \"assets/images/products/toner/gentle-avene-1.png\", \"image2\": \"assets/images/products/toner/gentle-avene-2.jpg\", \"image3\": \"assets/images/products/toner/gentle-avene-3.jpg\"}}', '0.00', 0),
(11, 3, 1, 1, 'Hydrating Toner', 'https://www.cosdna.com/eng/cosmetic_5fe5585332.html', 'https://www.cerave.com/skincare/cleansers/hydrating-toner', 'Facial toners are used after cleansers to help remove any residue left after cleansing. CeraVe\'s Hydrating Toner, our first ever pH balanced and non-drying toner for the face, helps skin feel energized while moisturizing and helping restore the protective skin barrier.', 'Normal, Dry, Sensitive', 'Hydration', 'Toner', 'CeraVe', '3 essential ceramides', 0, 0, '9', '{\"prices\": {\"price1\": \"0.45\", \"price2\": \"0.67\", \"price3\": \"0.90\"}}', '{\"images\": {\"image1\": \"assets/images/products/toner/hydrating-cerave-1.png\", \"image2\": \"assets/images/products/toner/hydrating-cerave-2.jpg\", \"image3\": \"assets/images/products/toner/hydrating-cerave-3.jpg\", \"image4\": \"assets/images/products/toner/hydrating-cerave-4.jpg\"}}', '0.00', 0),
(12, 3, 7, 2, 'Balancing Toner', 'https://www.cosdna.com/eng/cosmetic_7e67252867.html', 'https://us.innisfree.com/products/balancing-toner-with-green-tea', 'A refreshing watery-gel toner that replenishes skin with lightweight hydration from Jeju green tea. Balance oil levels and complexion with this green tea toner.', 'Combination, Oily, Normal, Dry', 'Pore Solutions, Hydration', 'Toner', 'InnisFree', 'Green Tea', 0, 0, '17', '{\"prices\": {\"price1\": \"0.85\", \"price2\": \"1.28\", \"price3\": \"1.70\"}}', '{\"images\": {\"image1\": \"assets/images/products/toner/balancing-innisfree-1.png\", \"image2\": \"assets/images/products/toner/balancing-innisfree-2.jpg\", \"image3\": \"assets/images/products/toner/balancing-innisfree-3.jpg\", \"image4\": \"assets/images/products/toner/balancing-innisfree-4.jpg\"}}', '0.00', 0),
(13, 3, 4, 1, 'Cream Skin Toner & Moisturizer', 'https://www.cosdna.com/eng/cosmetic_c980445737.html', 'https://us.laneige.com/products/cream-skin-toner-moisturizer', 'A two-in-one formula that preps and softens like a toner and moisturizes like a cream for maximum hydration benefits in one simple step.', 'All, Oily, Sensitive', 'Hydration', 'Toner', 'Laneige', 'White Leaf Tea Water', 0, 0, '33', '{\"prices\": {\"price1\": \"2.20\", \"price2\": \"3.30\", \"price3\": \"4.40\"}}', '{\"images\": {\"image1\": \"assets/images/products/toner/cream-laneige-1.png\", \"image2\": \"assets/images/products/toner/cream-laneige-2.jpg\", \"image3\": \"assets/images/products/toner/cream-laneige-3.jpg\", \"image4\": \"assets/images/products/toner/cream-laneige-4.jpg\", \"image5\": \"assets/images/products/toner/cream-laneige-5.jpg\"}}', '0.00', 0),
(14, 3, 8, 5, 'Botanical Pore Toner', 'https://www.cosdna.com/eng/cosmetic_f4f8311897.html', 'https://www.peachandlily.com/products/be-the-skin-botanical-pore-toner', 'A serum packed with natural ingredients and formulated to soothe the skin and minimize the appearance of pores. Botanical herbs, Alaskan glacier water and sea plants hydrate while helping to control oil production. Ideal for normal to oily skin.', 'Normal, Oily', 'Sensitive Skin', 'Toner', 'Peach & Lily', 'Glacial Water', 0, 0, '25', '{\"prices\": {\"price1\": \"1.67\", \"price2\": \"2.50\", \"price3\": \"3.33\"}}', '{\"images\": {\"image1\": \"assets/images/products/toner/be-peach_lily-1.png\", \"image2\": \"assets/images/products/toner/be-peach_lily-2.jpg\", \"image3\": \"assets/images/products/toner/be-peach_lily-3.jpg\"}}', '0.00', 0),
(15, 3, 2, 7, 'REDEFINE Pore Refining Toner', 'https://www.cosdna.com/eng/cosmetic_4b83534472.html', 'https://www.rodanandfields.com/en-us/shop/redefine-pore-refining-toner/p/AATN125', 'Tone up! Our skin-softening toner minimizes + unclogs pores, gently exfoliates + helps promote natural cell turnover.', 'All', 'Lifting & Firming, Pore Solutions', 'Toner', 'Rodan+Fields', 'Fruit Acids', 0, 0, '45', '{\"prices\": {\"price1\": \"3.60\", \"price2\": \"5.40\", \"price3\": \"7.20\"}}', '{\"images\": {\"image1\": \"assets/images/products/toner/redefine-rodan+fields-1.png\", \"image2\": \"assets/images/products/toner/redefine-rodan+fields-2.jpg\", \"image3\": \"assets/images/products/toner/redefine-rodan+fields-3.jpg\"}}', '0.00', 0),
(16, 3, 8, 2, 'Purifying Toner with Neem extract & Peppermint Oil', '#', 'https://herbal-essentials.com/products/purifying-toner', 'Our Purifying Toner works to reduce the appearance of pores, refresh the skin and remove excess sebum, leaving your skin clearer and smoother.', 'Oily, Combination', 'Pore Solutions', 'Toner', 'Herbal Essentials', 'Neem extract & Peppermint oil', 0, 0, '15', '{\"prices\": {\"price1\": \"1.00\", \"price2\": \"1.50\", \"price3\": \"2.00\"}}', '{\"images\": {\"image1\": \"assets/images/products/toner/purifying-herbalessentials-1.png\", \"image2\": \"assets/images/products/toner/purifying-herbalessentials-2.jpg\", \"image3\": \"assets/images/products/toner/purifying-herbalessentials-3.jpg\", \"image4\": \"assets/images/products/toner/purifying-herbalessentials-4.jpg\"}}', '0.00', 0),
(17, 3, 3, 2, 'SoonJung Centella Relief Toner', 'https://www.cosdna.com/eng/cosmetic_7f02551873.html', 'https://www.etude.com/int/en/index.php/soonjung-centella-relief-toner-200ml.html', 'Low-irritant, weakly acidic toner soothes irritated skin caused by external stimulation', 'Sensitive', 'Pore Solutions', 'Toner', 'Etude', 'Centella Asiatica', 0, 0, '20', '{\"prices\": {\"price1\": \"1.54\", \"price2\": \"2.31\", \"price3\": \"3.08\"}}', '{\"images\": {\"image1\": \"assets/images/products/toner/centella-etude-1.png\", \"image2\": \"assets/images/products/toner/centella-etude-2.jpg\", \"image3\": \"assets/images/products/toner/centella-etude-3.jpg\", \"image4\": \"assets/images/products/toner/centella-etude-4.jpg\"}}', '0.00', 0),
(18, 3, 2, 4, 'UNBLEMISH Clarifying Toner', 'https://www.cosdna.com/eng/cosmetic_c63094460.html', 'https://www.rodanandfields.com/en-us/shop/unblemish-clarifying-toner/p/UNTJ125', 'Let your pores breathe. This toner for acne-prone skin uses mild Alpha-Hydroxy Acids to help unclog pores while brightening, soothing + firming skin.', 'All', 'Dullness & Uneven Skin Tone, Pore Solutions', 'Toner', 'Rodan+Fields', 'Green Tea extracts', 0, 0, '50', '{\"prices\": {\"price1\": \"4.00\", \"price2\": \"6.00\", \"price3\": \"8.00\"}}', '{\"images\": {\"image1\": \"assets/images/products/toner/unblemish-rodan+fields-1.png\", \"image2\": \"assets/images/products/toner/unblemish-rodan+fields-2.jpg\", \"image3\": \"assets/images/products/toner/unblemish-rodan+fields-3.jpg\"}}', '0.00', 0),
(19, 4, 3, 2, 'Cleanance Concentrate Blemish Control Serum', 'https://www.cosdna.com/eng/cosmetic_7db0553465.html', 'https://www.aveneusa.com/cleanance-concentrate-blemish-control-serum', 'Innovative serum is free from harsh ingredients & formulated with plant-based extracts & Avene Thermal Spring Water to help reduce excess oil & appearance of blemishes for visibly clearer skin in as soon as 7 days.', 'Oily, Combination', 'Pore Solutions', 'Serum & Essence', 'Avene', 'Silica', 0, 0, '28', '{\"prices\": {\"price1\": \"9.33\", \"price2\": \"14.00\", \"price3\": \"18.67\"}}', '{\"images\": {\"image1\": \"assets/images/products/serum_essence/cleanance-avene-1.png\", \"image2\": \"assets/images/products/serum_essence/cleanance-avene-2.jpg\", \"image3\": \"assets/images/products/serum_essence/cleanance-avene-3.jpg\", \"image4\": \"assets/images/products/serum_essence/cleanance-avene-4.jpg\"}}', '0.00', 0),
(20, 4, 1, 6, 'Skin Renewing Nightly Exfoliating Treatment', 'https://www.cosdna.com/eng/cosmetic_6505575720.html', 'https://www.cerave.com/skincare/serums/skin-renewing-nightly-exfoliating-treatment', 'Developed with dermatologists, CeraVe Skin Renewing Nightly Exfoliating Treatment is an AHA serum with a 5% blend of glycolic acid and for gentle exfoliation to help smooth fine lines, accelerate skin\'s surface cell renewal and clear away dead skin cells, without causing flaking or redness.', 'Dry, Sensitive, Combination', 'Age Prevention, Sensitive Skin', 'Serum & Essence', 'CeraVe', 'Licorice Root extract', 0, 0, '30', '{\"prices\": {\"price1\": \"6.00\", \"price2\": \"9.00\", \"price3\": \"12.00\"}}', '{\"images\": {\"image1\": \"assets/images/products/serum_essence/skin-cerave-1.png\", \"image2\": \"assets/images/products/serum_essence/skin-cerave-2.jpg\", \"image3\": \"assets/images/products/serum_essence/skin-cerave-3.jpg\", \"image4\": \"assets/images/products/serum_essence/skin-cerave-4.jpg\"}}', '0.00', 0),
(21, 4, 4, 7, 'Firming Energy Essence', 'https://www.cosdna.com/eng/cosmetic_9062398995.html', 'https://us.innisfree.com/collections/essence/products/firming-energy-essence-with-fermented-soybean', '6-in-1 liquid skin hero with a water-light feel helps visibly improve skin\'s firmness, brightness, tone, smoothness, dewiness and moisture barrier. Formulated with high concentrations of antioxidant-rich Fermented Jeju Soybean Extract and Oil.', 'All', 'Lifting & Firming, Age Prevention', 'Serum & Essence', 'InnisFree', 'Fermented Soybean', 0, 0, '39', '{\"prices\": {\"price1\": \"2.60\", \"price2\": \"3.90\", \"price3\": \"5.20\"}}', '{\"images\": {\"image1\": \"assets/images/products/serum_essence/firming-innisfree-1.png\", \"image2\": \"assets/images/products/serum_essence/firming-innisfree-2.jpg\", \"image3\": \"assets/images/products/serum_essence/firming-innisfree-3.jpg\", \"image4\": \"assets/images/products/serum_essence/firming-innisfree-4.jpg\", \"image5\": \"assets/images/products/serum_essence/firming-innisfree-5.jpg\", \"image6\": \"assets/images/products/serum_essence/firming-innisfree-6.jpg\"}}', '0.00', 0),
(22, 4, 3, 4, 'Glowy Makeup Serum', 'https://www.cosdna.com/eng/cosmetic_adc1443248.html', 'https://us.laneige.com/products/glowy-makeup-serum', 'Get your glow on with a lightweight, hydrating serum and glass skin primer that keeps oil in check for visibly smoother skin and long-lasting makeup wear.', 'Normal, Dry', 'Dullness & Uneven Skin Tone', 'Serum & Essence', 'Laneige', 'Diamond Mineral Powder', 0, 0, '32', '{\"prices\": {\"price1\": \"10.67\", \"price2\": \"16.00\", \"price3\": \"21.33\"}}', '{\"images\": {\"image1\": \"assets/images/products/serum_essence/glowy-laneige-1.png\", \"image2\": \"assets/images/products/serum_essence/glowy-laneige-2.jpg\", \"image3\": \"assets/images/products/serum_essence/glowy-laneige-3.jpg\", \"image4\": \"assets/images/products/serum_essence/glowy-laneige-4.jpg\", \"image5\": \"assets/images/products/serum_essence/glowy-laneige-5.jpg\", \"image6\": \"assets/images/products/serum_essence/glowy-laneige-6.jpg\", \"image7\": \"assets/images/products/serum_essence/glowy-laneige-7.jpg\"}}', '0.00', 0),
(23, 4, 2, 6, 'Green Tea Eco Brightening Essence', 'https://www.cosdna.com/eng/cosmetic_8d2e337632.html', 'https://www.peachandlily.com/products/green-tea-eco-brightening-essence', 'Green tea is the key ingredient in this hydrating and brightening essence. Green tea has long been used in health and wellness as well as skincare, as it is chock full of antioxidants which go to work to protect your skin.', 'Dry, Normal, Oily', 'Age Prevention, Pore Solutions', 'Serum & Essence', 'Peach & Lily', 'Allantoin', 0, 0, '21', '{\"prices\": {\"price1\": \"3.50\", \"price2\": \"5.25\", \"price3\": \"7.00\"}}', '{\"images\": {\"image1\": \"assets/images/products/serum_essence/green-peach_lily-1.png\", \"image2\": \"assets/images/products/serum_essence/green-peach_lily-2.jpg\", \"image3\": \"assets/images/products/serum_essence/green-peach_lily-3.jpg\"}}', '0.00', 0),
(24, 4, 1, 1, 'Active Hydration Serum', 'cosdna.com/eng/cosmetic_5999288967.html', 'https://www.rodanandfields.com/en-us/shop/active-hydration-serum/p/ENHEFG1', 'Quench thirsty skin. Instantly boosts hydration levels by 200% + locks in moisture on the surface of the skin. Add to any Regimen for even better results.', 'Dry', 'Hydration', 'Serum & Essence', 'Rodan+Fields', 'Glycerin', 0, 0, '112', '{\"prices\": {\"price1\": \"37.33\", \"price2\": \"56.00\", \"price3\": \"74.67\"}}', '{\"images\": {\"image1\": \"assets/images/products/serum_essence/active-rodan_fields-1.png\", \"image2\": \"assets/images/products/serum_essence/active-rodan_fields-2.jpg\", \"image3\": \"assets/images/products/serum_essence/active-rodan_fields-3.jpg\", \"image4\": \"assets/images/products/serum_essence/active-rodan_fields-4.jpg\"}}', '0.00', 0),
(25, 4, 6, 6, 'Real Propolis Enriched Serum 48ml', '#', 'https://cosmetic-love.com/products/etude-house-real-propolis-enriched-serum-48ml', 'Nutrition & skin elasticity care serum with honey-like texture.', 'All', 'Hydration, Age Prevention', 'Serum & Essence', 'Etude', 'Royal Jelly Protein', 0, 0, '36', '{\"prices\": {\"price1\": \"5.83\", \"price2\": \"8.75\", \"price3\": \"11.67\"}}', '{\"images\": {\"image1\": \"assets/images/products/serum_essence/real-etude-1.png\", \"image2\": \"assets/images/products/serum_essence/real-etude-2.jpg\"}}', '0.00', 0),
(26, 4, 7, 4, '9 Solutions Serum', 'https://www.cosdna.com/eng/cosmetic_5e4b417201.html', 'https://us.innisfree.com/products/9-solutions-serum', 'Highly-concentrated serum formulated with Jeju Yeongjucho Mushroom that helps address common signs of aging.', 'Combination, Normal, Oily, Dry', 'Age Prevention,Dullness & Uneven Skin Tone', 'Serum & Essence', 'InnisFree', 'Yeongjucho Mushroom', 0, 0, '69', '{\"prices\": {\"price1\": \"13.80\", \"price2\": \"20.70\", \"price3\": \"27.60\"}}', '{\"images\": {\"image1\": \"assets/images/products/serum_essence/9-innisfree-1.png\", \"image2\": \"assets/images/products/serum_essence/9-innisfree-2.jpg\", \"image3\": \"assets/images/products/serum_essence/9-innisfree-3.jpg\"}}', '0.00', 0),
(27, 4, 5, 3, 'Clarifying Spot Serum', '#', 'https://us.innisfree.com/collections/troubled-skin/products/blemish-care-spot-serum-with-bija-seed-oil', 'A daily, non-stripping gel spot serum for acne-prone skin to help purify and smooth troubled complexions - without the flaking!', 'All', 'Troubled Skin', 'Serum & Essence', 'InnisFree', 'Bija Seed Oil', 0, 0, '18', '{\"prices\": {\"price1\": \"12.00\", \"price2\": \"18.00\", \"price3\": \"24.00\"}}', '{\"images\": {\"image1\": \"assets/images/products/serum_essence/clarifying-innisfree-1.png\", \"image2\": \"assets/images/products/serum_essence/clarifying-innisfree-2.jpg\", \"image3\": \"assets/images/products/serum_essence/clarifying-innisfree-3.jpg\", \"image4\": \"assets/images/products/serum_essence/clarifying-innisfree-4.jpg\", \"image5\": \"assets/images/products/serum_essence/clarifying-innisfree-5.jpg\", \"image6\": \"assets/images/products/serum_essence/clarifying-innisfree-6.jpg\", \"image7\": \"assets/images/products/serum_essence/clarifying-innisfree-7.jpg\"}}', '0.00', 0),
(28, 5, 9, 2, 'Cleanance Mattifying Emulsion', 'https://www.cosdna.com/eng/cosmetic_c3f4562352.html', 'https://www.aveneusa.com/cleanance-expert', 'Daily mattifying moisturizer provides 24-hour hydration with a powdery, matte finish. Makes an ideal mattifying primer.', 'Oily', 'Hydration, Nourishing, Pore Solutions', 'Moisturizer', 'Avene', 'Comedoclastin', 0, 0, '26', '{\"prices\": {\"price1\": \"6.50\", \"price2\": \"9.75\", \"price3\": \"13.00\"}}', '{\"images\": {\"image1\": \"assets/images/products/moisturizer/cleanance-avene-1.png\", \"image2\": \"assets/images/products/moisturizer/cleanance-avene-2.jpg\", \"image3\": \"assets/images/products/moisturizer/cleanance-avene-3.jpg\", \"image4\": \"assets/images/products/moisturizer/cleanance-avene-4.jpg\"}}', '0.00', 0),
(29, 5, 2, 1, 'PM Facial Moisturizing Lotion', 'https://www.cosdna.com/eng/cosmetic_4992437239.html', 'https://www.cerave.com/skincare/moisturizers/pm-facial-moisturizing-lotion', 'No matter what your skin type is (even if it\'s oily) your skin needs moisture around the clock. But it may need other things too - like soothing ingredients, softer texture, and help restoring its natural moisture barrier.', 'Normal, Oily', 'Hydration, Pore Solutions', 'Moisturizer', 'CeraVe', '3 essential ceramides', 0, 0, '16', '{\"prices\": {\"price1\": \"1.80\", \"price2\": \"2.69\", \"price3\": \"3.59\"}}', '{\"images\": {\"image1\": \"assets/images/products/moisturizer/pm-cerave-1.png\", \"image2\": \"assets/images/products/moisturizer/pm-cerave-2.jpg\", \"image3\": \"assets/images/products/moisturizer/pm-cerave-3.jpg\", \"image4\": \"assets/images/products/moisturizer/pm-cerave-4.jpg\"}}', '0.00', 0),
(30, 5, 7, 1, 'Nourishing Cream', 'https://www.cosdna.com/eng/cosmetic_665a420754.html', 'https://us.innisfree.com/products/nourishing-cream', 'Moisturizing cream with Giney Complex, a precious combination of Ginger and Jeju Canola Honey, helps protect and nourish skin that\'s been weakened by external stressors and dryness.', 'Combination, Dry, Oily, Normal', 'Hydration, Nourishing', 'Moisturizer', 'InnisFree', 'Ginger honey', 0, 0, '28', '{\"prices\": {\"price1\": \"5.60\", \"price2\": \"8.40\", \"price3\": \"11.20\"}}', '{\"images\": {\"image1\": \"assets/images/products/moisturizer/nourishing-innisfree-1.png\", \"image2\": \"assets/images/products/moisturizer/nourishing-innisfree-2.jpg\", \"image3\": \"assets/images/products/moisturizer/nourishing-innisfree-3.jpg\", \"image4\": \"assets/images/products/moisturizer/nourishing-innisfree-4.jpg\", \"image5\": \"assets/images/products/moisturizer/nourishing-innisfree-5.jpg\"}}', '0.00', 0),
(31, 5, 6, 1, 'Cream Skin Toner & Moisturizer', 'https://www.cosdna.com/eng/cosmetic_c980445737.html', 'https://us.laneige.com/products/cream-skin-toner-moisturizer', 'A two-in-one formula that preps and softens like a toner and moisturizes like a cream for maximum hydration benefits in one simple step.', 'All', 'Hydration', 'Moisturizer', 'Laneige', 'White Leaf Tea Water', 0, 0, '33', '{\"prices\": {\"price1\": \"2.20\", \"price2\": \"3.30\", \"price3\": \"4.40\"}}', '{\"images\": {\"image1\": \"assets/images/products/moisturizer/cream-laneige-1.png\", \"image2\": \"assets/images/products/moisturizer/cream-laneige-2.jpg\", \"image3\": \"assets/images/products/moisturizer/cream-laneige-3.jpg\"}}', '0.00', 0),
(32, 5, 9, 6, 'Cellus White Moisture Cream', 'https://www.cosdna.com/eng/cosmetic_76fe386306.html', 'https://www.peachandlily.com/products/cellus-white-moisture-cream', 'Healthy, lit-from-within dewy skin has never been easier to achieve. This lightweight cream absorbs quickly and helps to brighten a dull, lackluster complexion with the help of natural extracts.', 'Combination, Dry', 'Age Prevention, Sensitive Skin, Hydration', 'Moisturizer', 'Peach & Lily', 'Korean Wild Native Flower', 0, 0, '36', '{\"prices\": {\"price1\": \"7.20\", \"price2\": \"10.80\", \"price3\": \"14.40\"}}', '{\"images\": {\"image1\": \"assets/images/products/moisturizer/cellus-peach_lily-1.png\", \"image2\": \"assets/images/products/moisturizer/cellus-peach_lily-2.jpg\", \"image3\": \"assets/images/products/moisturizer/cellus-peach_lily-3.jpg\"}}', '0.00', 0),
(33, 5, 1, 1, 'Rodan + Fields Active Hydration Body Replenish', 'https://www.cosdna.com/eng/cosmetic_a94f393952.html', 'https://www.rodanandfields.com/en-us/shop/rodan-fields-active-hydration-body-replenish/p/ENBR001', 'All-over hydration. Get younger-looking, younger-acting skin with our breakthrough body moisturizer that instantly + continuously hydrates.', 'Normal, Dry, Oily, Combination', 'Hydration', 'Moisturizer', 'Rodan+Fields', 'Glycerin', 0, 0, '66', '{\"prices\": {\"price1\": \"3.30\", \"price2\": \"4.95\", \"price3\": \"6.60\"}}', '{\"images\": {\"image1\": \"assets/images/products/moisturizer/active-rodan_fields-1.png\", \"image2\": \"assets/images/products/moisturizer/active-rodan_fields-2.jpg\", \"image3\": \"assets/images/products/moisturizer/active-rodan_fields-3.jpg\", \"image4\": \"assets/images/products/moisturizer/active-rodan_fields-4.jpg\", \"image5\": \"assets/images/products/moisturizer/active-rodan_fields-5.jpg\"}}', '0.00', 0),
(34, 5, 4, 1, 'Get Up & Go Cream', '#', 'https://herbal-essentials.com/products/day-defence-cream', 'Restore moisture and suppleness with this fast-absorbing, lightweight daily moisturiser. Bursting with antioxidant-rich Wheat Germ Oil and deliciously nourishing Shea Butter. Suitable for all skin types.', 'Sensitive, Combination', 'Hydration', 'Moisturizer', 'Herbal Essentials', 'Wheat Germ Oil & Shea Butter', 0, 0, '12', '{\"prices\": {\"price1\": \"4.00\", \"price2\": \"6.00\", \"price3\": \"8.00\"}}', '{\"images\": {\"image1\": \"assets/images/products/moisturizer/getup-herbalessentials-1.png\", \"image2\": \"assets/images/products/moisturizer/getup-herbalessentials-2.jpg\", \"image3\": \"assets/images/products/moisturizer/getup-herbalessentials-3.jpg\", \"image4\": \"assets/images/products/moisturizer/getup-herbalessentials-4.jpg\"}}', '0.00', 0),
(35, 5, 7, 1, 'Moistfull Collagen Cream', 'https://www.cosdna.com/eng/cosmetic_ddf0177761.html', 'https://www.etude.com/int/en/index.php/moistfull-collagen-cream-75ml-21ad.html', 'The small particles of the Super CollagenTM water(HYDROLYZED COLLAGEN) in the Moistfull Cream makes skin full of firming moisture and feeling bouncy.', 'All', 'Hydration', 'Moisturizer', 'Etude', 'Lupinus Albus protein', 0, 0, '21', '{\"prices\": {\"price1\": \"2.80\", \"price2\": \"4.20\", \"price3\": \"5.60\"}}', '{\"images\": {\"image1\": \"assets/images/products/moisturizer/moistfull-etude-1.png\", \"image2\": \"assets/images/products/moisturizer/moistfull-etude-2.jpg\", \"image3\": \"assets/images/products/moisturizer/moistfull-etude-3.jpg\", \"image4\": \"assets/images/products/moisturizer/moistfull-etude-4.jpg\"}}', '0.00', 0),
(36, 6, 7, 2, 'Pore Clearing Clay Mask', 'http://www.cosdna.com/eng/cosmetic_8717494338.html', 'https://us.innisfree.com/products/pore-clearing-clay-mask-with-volcanic-cluster', 'Creamy clay mask with the extraordinary absorbing powers of Jeju Volcanic Cluster.', 'Oily, Combination', 'Pore Solutions', 'Masks', 'InnisFree', 'Volcanic Clusters', 0, 0, '14', '{\"prices\": {\"price1\": \"1.40\", \"price2\": \"2.10\", \"price3\": \"2.80\"}}', '{\"images\": {\"image1\": \"assets/images/products/masks/pore-innisfree-1.png\", \"image2\": \"assets/images/products/masks/pore-innisfree-2.jpg\", \"image3\": \"assets/images/products/masks/pore-innisfree-3.jpg\", \"image4\": \"assets/images/products/masks/pore-innisfree-4.jpg\"}}', '0.00', 0),
(37, 6, 7, 1, 'Special Care Mask-Hand', 'http://www.cosdna.com/eng/cosmetic_cd0b162902.html', 'https://us.innisfree.com/products/special-care-mask-hand', 'Pair of glove-like hand masks specially designed to hydrate and care for hands.', 'All', 'Hydration', 'Masks', 'InnisFree', 'Ionicera Flower', 0, 0, '4', '{\"prices\": {\"price1\": \"1.95\", \"price2\": \"2.93\", \"price3\": \"3.90\"}}', '{\"images\": {\"image1\": \"assets/images/products/masks/special-innisfree-1.png\", \"image2\": \"assets/images/products/masks/special-innisfree-2.jpg\", \"image3\": \"assets/images/products/masks/special-innisfree-3.jpg\", \"image4\": \"assets/images/products/masks/special-innisfree-4.jpg\", \"image5\": \"assets/images/products/masks/special-innisfree-5.jpg\"}}', '0.00', 0),
(38, 6, 9, 1, 'Hydrance Aqua-Gel', 'http://www.cosdna.com/eng/cosmetic_e1e9545900.html', 'https://www.aveneusa.com/hydrance-aqua-gel#185=806', 'All-in-one hydration powerhouse can be used as a daily moisturizer, overnight mask and along the eye contour. Fortify skin\'s natural moisturizing and protective barrier leaving skin intensely hydrated, dewy and smooth.', 'All', 'Hydration', 'Masks', 'Avene', 'Avene Thermal Spring Water', 0, 0, '36', '{\"prices\": {\"price1\": \"7.20\", \"price2\": \"10.80\", \"price3\": \"14.40\"}}', '{\"images\": {\"image1\": \"assets/images/products/masks/hydrance-avene-1.png\", \"image2\": \"assets/images/products/masks/hydrance-avene-2.jpg\", \"image3\": \"assets/images/products/masks/hydrance-avene-3.jpg\", \"image4\": \"assets/images/products/masks/hydrance-avene-4.jpg\", \"image5\": \"assets/images/products/masks/hydrance-avene-5.jpg\"}}', '0.00', 0),
(39, 6, 5, 2, 'Cleanance Mask Mask-Scrub', 'https://www.cosdna.com/eng/cosmetic_4077216701.html', 'https://www.avene.co.uk/p/cleanance-mask-mask-scrub', 'A 2-in-1 mask for use alongside any Cleanance skincare (Cleanance Comedomed or Cleanance Mattifying Emulsion) - use once or twice a week. Formulated with white clay (Kaolin), it gently cleanses, absorbs excess oil and unclogs pores whilst respecting oily and blemish-prone skin.', 'Oily', 'Pore Solutions', 'Masks', 'Avene', 'White Clay', 0, 0, '13', '{\"prices\": {\"price1\": \"2.60\", \"price2\": \"3.90\", \"price3\": \"5.20\"}}', '{\"images\": {\"image1\": \"assets/images/products/masks/cleanance-avene-1.png\", \"image2\": \"assets/images/products/masks/cleanance-avene-2.jpg\"}}', '0.00', 0),
(40, 6, 7, 1, 'Lavender Water Sleeping Mask', 'http://www.cosdna.com/eng/cosmetic_6347289713.html', 'https://us.laneige.com/products/lavender-water-sleeping-mask', 'Lavender-scented version of the cult-favorite Water Sleeping Mask that is powerfully effective for long-lasting hydration while you sleep.', 'Dry', 'Hydration', 'Masks', 'Laneige', 'Hydro Ionized Mineral Water', 0, 0, '25', '{\"prices\": {\"price1\": \"3.57\", \"price2\": \"5.36\", \"price3\": \"7.14\"}}', '{\"images\": {\"image1\": \"assets/images/products/masks/lavender-laneige-1.png\", \"image2\": \"assets/images/products/masks/lavender-laneige-2.jpg\", \"image3\": \"assets/images/products/masks/lavender-laneige-3.jpg\", \"image4\": \"assets/images/products/masks/lavender-laneige-4.jpg\", \"image5\": \"assets/images/products/masks/lavender-laneige-5.jpg\"}}', '0.00', 0),
(41, 6, 9, 6, 'Soothing & Brightening Mask', 'http://www.cosdna.com/eng/cosmetic_6581519567.html', 'https://www.peachandlily.com/products/soothing-whitening-mask', 'This single mask is formulated with the extract of the sacred Lotus and fortified with natural botanicals, tackling dark spots and signs of aging while soothing skin so otherwise irritated skin is calm and clear.', 'Combination, Dry, Oily, Normal', 'Age Prevention, Hydration', 'Masks', 'Peach & Lily', 'Green Tea extract', 0, 0, '8', '{\"prices\": {\"price1\": \"3.20\", \"price2\": \"4.80\", \"price3\": \"6.40\"}}', '{\"images\": {\"image1\": \"assets/images/products/masks/soothing-peach_lily-1.png\"}}', '0.00', 0),
(42, 6, 9, 2, 'UNBLEMISH Clarifying Mask', 'http://www.cosdna.com/eng/cosmetic_fa0c511828.html', 'https://www.rodanandfields.com/en-us/shop/unblemish-clarifying-mask/p/UNRMF50', 'Unmask clear skin. Our blemish-fighting mask instantly reduces excessive oil + shine and helps prevent new pimples from forming.', 'All', 'Pore Solutions', 'Masks', 'Rodan+Fields', 'Oat Bran extract', 0, 0, '60', '{\"prices\": {\"price1\": \"12.00\", \"price2\": \"18.00\", \"price3\": \"24.00\"}}', '{\"images\": {\"image1\": \"assets/images/products/masks/unblemish-rodan+fields-1.png\", \"image2\": \"assets/images/products/masks/unblemish-rodan+fields-2.jpg\", \"image3\": \"assets/images/products/masks/unblemish-rodan+fields-3.jpg\"}}', '0.00', 0),
(43, 6, 8, 1, 'Gentle Renewal Scrub with Sunflower Seed Oil & Kaolin', '#', 'https://herbal-essentials.com/products/gentle-renewal-scrub', 'This is a gentle and effective natural facial scrub containing natural exfoliants & oil-absorbing Kaolin clay to slough away dead skin, revealing a visibly fresh, smooth complexion.', 'Sensitive', 'Hydration', 'Masks', 'Herbal Essentials', 'Walnut Shell Powder', 0, 0, '12', '{\"prices\": {\"price1\": \"4.00\", \"price2\": \"6.00\", \"price3\": \"8.00\"}}', '{\"images\": {\"image1\": \"assets/images/products/masks/gentle-herbalessentials-1.png\", \"image2\": \"assets/images/products/masks/gentle-herbalessentials-2.jpg\", \"image3\": \"assets/images/products/masks/gentle-herbalessentials-3.jpg\", \"image4\": \"assets/images/products/masks/gentle-herbalessentials-4.jpg\"}}', '0.00', 0),
(44, 6, 5, 2, 'AC Clean Up Pink Powder Mask', 'https://www.cosdna.com/eng/cosmetic_3ce3557549.html', 'https://www.etude.com/int/en/index.php/ac-clean-up-pink-powder-mask-new.html', 'This smooth cream-type mud pack with Calamine removes sebum and help moisturizing the skin.', 'All', 'Pore Solutions', 'Masks', 'Etude', 'Tea Tree', 0, 0, '18', '{\"prices\": {\"price1\": \"1.56\", \"price2\": \"2.34\", \"price3\": \"3.12\"}}', '{\"images\": {\"image1\": \"assets/images/products/masks/ac-etude-1.png\", \"image2\": \"assets/images/products/masks/ac-etude-2.jpg\", \"image3\": \"assets/images/products/masks/ac-etude-3.jpg\", \"image4\": \"assets/images/products/masks/ac-etude-4.jpg\"}}', '0.00', 0),
(45, 1, 5, 2, 'Oily Skin Bundle', '', '', 'Oily skin is one of the most common skin concerns. It presents some unique challenges, like a shiny complexion and acne breakouts. The good news? With the right skincare routine and products, these issues can be less of a problem.', 'Oily', 'Pore Solutions', 'Bundles', '', '', 0, 0, '25', '0', '{\"images\": {\"image1\": \"assets/images/products/bundles/Bundles/oily-bundle.png\", \"image2\": \"assets/images/products/bundles/oily-cleanser.jpg\", \"image3\": \"assets/images/products/bundles/oily-masks.jpg\", \"image4\": \"assets/images/products/bundles/oily-moisturizer.jpg\", \"image5\": \"assets/images/products/bundles/oily-serum.jpg\", \"image6\": \"assets/images/products/bundles/oily-toner.jpg\"}}', '0.00', 0),
(46, 1, 1, 1, 'Dry Skin Bundle', '', '', 'Dealing with dry, dehydrated skin? Don\'t despair. There\'s a skin care routine for that! Maybe your skin feels tight, scaly, flaky, or a combination of all three. We\'ve got you covered with products that leave your skin happy, hydrated, and glowing.', 'Dry', 'Hydration', 'Bundles', '', '', 0, 0, '35', '0', '{\"images\": {\"image1\": \"assets/images/products/bundles/Bundles/dry-bundle.png\", \"image2\": \"assets/images/products/bundles/dry-cleanser.jpg\", \"image3\": \"assets/images/products/bundles/dry-masks.jpg\", \"image4\": \"assets/images/products/bundles/dry-moisturizer.jpg\", \"image5\": \"assets/images/products/bundles/dry-serum.jpg\", \"image6\": \"assets/images/products/bundles/dry-toner.jpg\"}}', '0.00', 0),
(50, 1, 8, 5, 'Sensitive Skin Bundle', '', '', 'Sensitive skin is tough. Finding products that won\'t cause breakouts, redness, or discomfort is tough and we know what it\'s like. When we\'re dealing with irritation or skin sensitivity, these are the products we rely on.', 'Sensitive', 'Sensitive Skin', 'Bundles', '', '', 0, 0, '30', '0', '{\"images\": {\"image1\": \"assets/images/products/bundles/Bundles/sensitive-bundle.png\", \"image2\": \"assets/images/products/bundles/sensitive-cleanser.jpg\", \"image3\": \"assets/images/products/bundles/sensitive-masks.jpg\", \"image4\": \"assets/images/products/bundles/sensitive-moisturizer.jpg\", \"image5\": \"assets/images/products/bundles/sensitive-serum.jpg\", \"image6\": \"assets/images/products/bundles/sensitive-toner.jpg\"}}', '0.00', 0),
(51, 1, 3, 1, 'Hydration Bundle', '', '', 'Dealing with hydration problems? Well moisturizing your skin once a day won\'t necessarily cut it. A solid skincare routine that provides your skin with the hydration it needs requires more than just a moisturizer. Check out these products for a fast solution!', 'Dry', 'Hydration', 'Bundles', '', '', 0, 0, '40', '0', '{\"images\": {\"image1\": \"assets/images/products/bundles/Bundles/hydration-bundle.png\", \"image2\": \"assets/images/products/bundles/hydration-cleanser.jpg\", \"image3\": \"assets/images/products/bundles/hydration-masks.jpg\", \"image4\": \"assets/images/products/bundles/hydration-moisturizer.jpg\", \"image5\": \"assets/images/products/bundles/hydration-serum.jpg\", \"image6\": \"assets/images/products/bundles/hydration-toner.jpg\"}}', '0.00', 0),
(52, 1, 9, 2, 'Acne-Prone Bundle', '', '', 'Caring for acne-prone skin is about more than just applying blemish-busting products. It can involve lifestyle changes, too - the first of which is often a new and improved skincare routine. Try out these products for the best acne solution!', 'All', 'Pore Solutions', 'Bundles', '', '', 0, 0, '30', '0', '{\"images\": {\"image1\": \"assets/images/products/bundles/Bundles/acne-bundle.png\", \"image2\": \"assets/images/products/bundles/acne-cleanser.jpg\", \"image3\": \"assets/images/products/bundles/acne-masks.jpg\", \"image4\": \"assets/images/products/bundles/acne-moisturizer.jpg\", \"image5\": \"assets/images/products/bundles/acne-serum.jpg\", \"image6\": \"assets/images/products/bundles/acne-toner.jpg\"}}', '0.00', 0);

-- --------------------------------------------------------

--
-- Table structure for table `reviews`
--

DROP TABLE IF EXISTS `reviews`;
CREATE TABLE IF NOT EXISTS `reviews` (
  `id` int(11) NOT NULL AUTO_INCREMENT,
  `product_id` int(11) NOT NULL,
  `user_id` int(11) NOT NULL,
  `timestamp` date NOT NULL,
  `title` varchar(100) NOT NULL,
  `body` text NOT NULL,
  `images` json NOT NULL,
  `rating` int(11) NOT NULL,
  `likes` int(11) NOT NULL,
  `dislikes` int(11) NOT NULL,
  PRIMARY KEY (`id`),
  KEY `product_review_fk` (`product_id`),
  KEY `user_review_fk` (`user_id`)
) ENGINE=InnoDB DEFAULT CHARSET=latin1;

--
-- Triggers `reviews`
--
DROP TRIGGER IF EXISTS `after_review_insert`;
DELIMITER $$
CREATE TRIGGER `after_review_insert` AFTER INSERT ON `reviews` FOR EACH ROW UPDATE products 
    SET products.ave_rating = (SELECT AVG(rating) FROM reviews WHERE reviews.product_id = products.id)
$$
DELIMITER ;

-- --------------------------------------------------------

--
-- Table structure for table `skin_concern`
--

DROP TABLE IF EXISTS `skin_concern`;
CREATE TABLE IF NOT EXISTS `skin_concern` (
  `id` int(11) NOT NULL AUTO_INCREMENT,
  `name` varchar(50) NOT NULL,
  `description` text NOT NULL,
  `image` varchar(255) NOT NULL,
  PRIMARY KEY (`id`)
) ENGINE=InnoDB AUTO_INCREMENT=8 DEFAULT CHARSET=latin1;

--
-- Dumping data for table `skin_concern`
--

INSERT INTO `skin_concern` (`id`, `name`, `description`, `image`) VALUES
(1, 'Hydration', '', 'assets/images/others/skin-all.png'),
(2, 'Pore Solutions', '', 'assets/images/others/skin-all.png'),
(3, 'Troubled Skin', '', 'assets/images/others/skin-all.png'),
(4, 'Dullness & Uneven Skin Tone', '', 'assets/images/others/skin-all.png'),
(5, 'Sensitive Skin', '', 'assets/images/others/skin-all.png'),
(6, 'Age Prevention', '', 'assets/images/others/skin-all.png'),
(7, 'Lifting & Firming', '', 'assets/images/others/skin-all.png');

-- --------------------------------------------------------

--
-- Table structure for table `users`
--

DROP TABLE IF EXISTS `users`;
CREATE TABLE IF NOT EXISTS `users` (
  `id` int(11) NOT NULL AUTO_INCREMENT,
  `username` varchar(100) NOT NULL,
  `encrypted_pass` varchar(100) NOT NULL,
  `first_name` varchar(25) NOT NULL,
  `last_name` varchar(25) NOT NULL,
  `gender` varchar(100) NOT NULL,
  `age_range` varchar(100) NOT NULL,
  `email` varchar(50) NOT NULL,
  `skin_type` varchar(50) NOT NULL,
  `skin_concern` varchar(50) NOT NULL,
  `points` int(11) NOT NULL,
  `num_wishlist` int(11) NOT NULL,
  `registered_on` date NOT NULL,
  `profile_img` varchar(255) NOT NULL,
  PRIMARY KEY (`id`)
) ENGINE=InnoDB DEFAULT CHARSET=latin1;

-- --------------------------------------------------------

--
-- Table structure for table `wishlist`
--

DROP TABLE IF EXISTS `wishlist`;
CREATE TABLE IF NOT EXISTS `wishlist` (
  `id` int(11) NOT NULL AUTO_INCREMENT,
  `user_id` int(11) NOT NULL,
  `product_id` int(11) NOT NULL,
  `added_on` date NOT NULL,
  PRIMARY KEY (`id`),
  KEY `product_wishlist_fk` (`product_id`),
  KEY `user_wishlist_fk` (`user_id`)
) ENGINE=InnoDB DEFAULT CHARSET=latin1;

--
-- Constraints for dumped tables
--

--
-- Constraints for table `addresses`
--
ALTER TABLE `addresses`
  ADD CONSTRAINT `user_address_fk` FOREIGN KEY (`user_id`) REFERENCES `users` (`id`) ON DELETE CASCADE ON UPDATE CASCADE;

--
-- Constraints for table `orders`
--
ALTER TABLE `orders`
  ADD CONSTRAINT `address_order_fk` FOREIGN KEY (`address_id`) REFERENCES `addresses` (`id`) ON DELETE CASCADE ON UPDATE CASCADE,
  ADD CONSTRAINT `user_order_fk` FOREIGN KEY (`user_id`) REFERENCES `users` (`id`) ON DELETE CASCADE ON UPDATE CASCADE;

--
-- Constraints for table `payments`
--
ALTER TABLE `payments`
  ADD CONSTRAINT `user_payment_fk` FOREIGN KEY (`user_id`) REFERENCES `users` (`id`) ON DELETE CASCADE ON UPDATE CASCADE;

--
-- Constraints for table `products`
--
ALTER TABLE `products`
  ADD CONSTRAINT `category_product_fk` FOREIGN KEY (`category_id`) REFERENCES `categories` (`id`) ON DELETE CASCADE ON UPDATE CASCADE,
  ADD CONSTRAINT `key_ingredient_product_fk` FOREIGN KEY (`key_ingredient_id`) REFERENCES `key_ingredient` (`id`) ON DELETE CASCADE ON UPDATE CASCADE,
  ADD CONSTRAINT `skin_concern_product_fk` FOREIGN KEY (`skin_concern_id`) REFERENCES `skin_concern` (`id`) ON DELETE CASCADE ON UPDATE CASCADE;

--
-- Constraints for table `reviews`
--
ALTER TABLE `reviews`
  ADD CONSTRAINT `product_review_fk` FOREIGN KEY (`product_id`) REFERENCES `products` (`id`) ON DELETE CASCADE ON UPDATE CASCADE,
  ADD CONSTRAINT `user_review_fk` FOREIGN KEY (`user_id`) REFERENCES `users` (`id`) ON DELETE CASCADE ON UPDATE CASCADE;

--
-- Constraints for table `wishlist`
--
ALTER TABLE `wishlist`
  ADD CONSTRAINT `product_wishlist_fk` FOREIGN KEY (`product_id`) REFERENCES `products` (`id`) ON DELETE CASCADE ON UPDATE CASCADE,
  ADD CONSTRAINT `user_wishlist_fk` FOREIGN KEY (`user_id`) REFERENCES `users` (`id`) ON DELETE CASCADE ON UPDATE CASCADE;
COMMIT;

/*!40101 SET CHARACTER_SET_CLIENT=@OLD_CHARACTER_SET_CLIENT */;
/*!40101 SET CHARACTER_SET_RESULTS=@OLD_CHARACTER_SET_RESULTS */;
/*!40101 SET COLLATION_CONNECTION=@OLD_COLLATION_CONNECTION */;
